,Name,Price,Model Name,Color,SIM Type,Touchscreen,Display Size,Resolution,Operating System,Processor Core,Primary Clock Speed,Internal Storage,RAM,Primary Camera Available,Primary Camera,Secondary Camera Available,Secondary Camera,Full HD Recording,Network Type,Bluetooth Support,Wi-Fi,Audio Jack,GPS Support,Battery Capacity,Weight,Domestic Warranty,Product Rating,Camera Rating,Battery Rating,Display Rating,Design Rating
0,"SAMSUNG Galaxy F13 (Nightsky Green, 64 GB)  (4 GB RAM)","₹9,799",Galaxy F13,Nightsky Green,Dual Sim,Yes,16.76 cm (6.6 inch),2408 x 1080 Pixels,Android 12,Octa Core,2 GHz,64 GB,4 GB,Yes,50MP + 5MP + 2MP,Yes,8MP Front Camera,Yes,"4G, 3G, 2G",Yes,Yes,3.5mm,Yes,6000 mAh,207 g,1 Year,4.4,3.7,4.2,4.0,4.0
1,"SAMSUNG Galaxy F13 (Sunrise Copper, 64 GB)  (4 GB RAM)","₹9,799",Galaxy F13,Sunrise Copper,Dual Sim,Yes,16.76 cm (6.6 inch),2408 x 1080 Pixels,Android 12,Octa Core,2 GHz,64 GB,4 GB,Yes,50MP + 5MP + 2MP,Yes,8MP Front Camera,Yes,"4G, 3G, 2G",Yes,Yes,3.5mm,Yes,6000 mAh,207 g,1 Year,4.4,3.7,4.2,4.0,4.0
2,"SAMSUNG Galaxy F13 (Waterfall Blue, 64 GB)  (4 GB RAM)","₹9,799",Galaxy F13,Waterfall Blue,Dual Sim,Yes,16.76 cm (6.6 inch),2408 x 1080 Pixels,Android 12,Octa Core,2 GHz,64 GB,4 GB,Yes,50MP + 5MP + 2MP,Yes,8MP Front Camera,Yes,"4G, 3G, 2G",Yes,Yes,3.5mm,Yes,6000 mAh,207 g,1 Year,4.4,3.7,4.2,4.0,4.0
3,"REDMI 10 (Pacific Blue, 64 GB)  (4 GB RAM)","₹9,999",10,Pacific Blue,Dual Sim,Yes,17.02 cm (6.7 inch),1650 x 720 Pixels,Android 11,Octa Core,2.4 GHz,64 GB,4 GB,Yes,50MP + 2MP,Yes,5MP Front Camera,Yes,"4G VOLTE, 4G, 3G, 2G",Yes,Yes,3.5mm,Yes,6000 mAh,203 g,1 Year,4.3,3.6,4.1,3.9,3.9
4,"APPLE iPhone 13 (Starlight, 128 GB)","₹58,999",iPhone 13,Starlight,Dual Sim,Yes,15.49 cm (6.1 inch),2532 x 1170 Pixels,iOS 15,Hexa Core,2.4 GHz,128 GB,4 GB,Yes,Call Wait/Hold,Yes,5MP Front Camera,Yes,"4G VOLTE, 4G, 3G, 2G",Yes,Yes,3.5mm,Yes,6000 mAh,203 g,1 Year,4.7,4.6,4.4,4.7,4.6
5,"APPLE iPhone 13 (Midnight, 128 GB)","₹58,999",iPhone 13,Starlight,Dual Sim,Yes,15.49 cm (6.1 inch),2532 x 1170 Pixels,iOS 15,Hexa Core,2.4 GHz,128 GB,4 GB,Yes,Call Wait/Hold,Yes,12MP Front Camera,Yes,"5G, 4G, 3G, 2G",Yes,Yes,3.5mm,Yes,6000 mAh,173 g,1 Year,4.7,4.6,4.4,4.7,4.6
6,"APPLE iPhone 13 (Pink, 128 GB)","₹58,999",iPhone 13,Pink,Dual Sim,Yes,15.49 cm (6.1 inch),2532 x 1170 Pixels,iOS 15,Hexa Core,2.4 GHz,128 GB,4 GB,Yes,Call Wait/Hold,Yes,12MP Front Camera,Yes,"5G, 4G, 3G, 2G",Yes,Yes,3.5mm,Yes,6000 mAh,173 g,1 Year,4.7,4.6,4.4,4.7,4.6
7,"MOTOROLA G32 (Mineral Gray, 128 GB)  (8 GB RAM)","₹11,999",iPhone 13,Pink,Dual Sim,Yes,15.49 cm (6.1 inch),2532 x 1170 Pixels,iOS 15,Hexa Core,2.4 GHz,128 GB,4 GB,Yes,Video Call Support,Yes,12MP Front Camera,Yes,"5G, 4G, 3G, 2G",Yes,Yes,3.5mm,Yes,6000 mAh,173 g,1 Year,4.1,3.6,4.1,4.0,4.0
8,"POCO C50 (Country Green, 32 GB)  (2 GB RAM)","₹5,749",iPhone 13,Pink,Dual Sim,Yes,15.49 cm (6.1 inch),2532 x 1170 Pixels,iOS 15,Hexa Core,2.4 GHz,128 GB,4 GB,Yes,Call Wait/Hold,Yes,12MP Front Camera,Yes,"5G, 4G, 3G, 2G",Yes,Yes,3.5mm,Yes,6000 mAh,173 g,1 Year,4.3,3.4,4.0,3.8,4.0
9,"realme C33 2023 (Aqua Blue, 64 GB)  (4 GB RAM)","₹9,999",iPhone 13,Pink,Dual Sim,Yes,15.49 cm (6.1 inch),2532 x 1170 Pixels,iOS 15,Hexa Core,2.4 GHz,128 GB,4 GB,Yes,Speaker Phone,Yes,12MP Front Camera,Yes,"5G, 4G, 3G, 2G",Yes,Yes,3.5mm,Yes,6000 mAh,173 g,1 Year,4.4,0.0,0.0,0.0,0.0
10,"REDMI 10 (Midnight Black, 64 GB)  (4 GB RAM)","₹9,999",iPhone 13,Pink,Dual Sim,Yes,15.49 cm (6.1 inch),2532 x 1170 Pixels,iOS 15,Hexa Core,2.4 GHz,128 GB,4 GB,Yes,Call Wait/Hold,Yes,12MP Front Camera,Yes,"5G, 4G, 3G, 2G",Yes,Yes,3.5mm,Yes,6000 mAh,173 g,1 Year,4.3,3.6,4.1,3.9,3.9
11,"POCO C50 (Royal Blue, 32 GB)  (2 GB RAM)","₹5,749",iPhone 13,Pink,Dual Sim,Yes,15.49 cm (6.1 inch),2532 x 1170 Pixels,iOS 15,Hexa Core,2.4 GHz,128 GB,4 GB,Yes,Call Wait/Hold,Yes,12MP Front Camera,Yes,"5G, 4G, 3G, 2G",Yes,Yes,3.5mm,Yes,6000 mAh,173 g,1 Year,4.3,3.4,4.0,3.8,4.0
12,"MOTOROLA g13 (Matte Charcoal, 128 GB)  (4 GB RAM)","₹9,999",iPhone 13,Pink,Dual Sim,Yes,15.49 cm (6.1 inch),2532 x 1170 Pixels,iOS 15,Hexa Core,2.4 GHz,128 GB,4 GB,Yes,Speaker Phone,Yes,12MP Front Camera,Yes,"5G, 4G, 3G, 2G",Yes,Yes,3.5mm,Yes,6000 mAh,173 g,1 Year,4.1,3.7,4.2,4.1,4.6
13,"Infinix HOT 30i (Glacier Blue, 64 GB)  (4 GB RAM)","₹8,199",iPhone 13,Pink,Dual Sim,Yes,15.49 cm (6.1 inch),2532 x 1170 Pixels,iOS 15,Hexa Core,2.4 GHz,128 GB,4 GB,Yes,Speaker Phone,Yes,12MP Front Camera,Yes,"5G, 4G, 3G, 2G",Yes,Yes,3.5mm,Yes,6000 mAh,173 g,1 Year,4.4,0.0,0.0,0.0,0.0
14,"Infinix HOT 30i (Mirror Black, 64 GB)  (4 GB RAM)","₹8,199",iPhone 13,Pink,Dual Sim,Yes,15.49 cm (6.1 inch),2532 x 1170 Pixels,iOS 15,Hexa Core,2.4 GHz,128 GB,4 GB,Yes,Speaker Phone,Yes,12MP Front Camera,Yes,"5G, 4G, 3G, 2G",Yes,Yes,3.5mm,Yes,6000 mAh,173 g,1 Year,4.4,0.0,0.0,0.0,0.0
15,"MOTOROLA g13 (Lavender Blue, 128 GB)  (4 GB RAM)","₹9,999",iPhone 13,Pink,Dual Sim,Yes,15.49 cm (6.1 inch),2532 x 1170 Pixels,iOS 15,Hexa Core,2.4 GHz,128 GB,4 GB,Yes,Speaker Phone,Yes,12MP Front Camera,Yes,"5G, 4G, 3G, 2G",Yes,Yes,3.5mm,Yes,6000 mAh,173 g,1 Year,4.1,3.7,4.2,4.1,4.6
16,"Infinix SMART 7 (Night Black, 64 GB)  (4 GB RAM)","₹7,499",iPhone 13,Pink,Dual Sim,Yes,15.49 cm (6.1 inch),2532 x 1170 Pixels,iOS 15,Hexa Core,2.4 GHz,128 GB,4 GB,Yes,Speaker Phone,Yes,12MP Front Camera,Yes,"5G, 4G, 3G, 2G",Yes,Yes,3.5mm,Yes,6000 mAh,173 g,1 Year,4.2,3.2,3.9,3.6,3.9
17,"Infinix SMART 7 (Emerald Green, 64 GB)  (4 GB RAM)","₹7,499",iPhone 13,Pink,Dual Sim,Yes,15.49 cm (6.1 inch),2532 x 1170 Pixels,iOS 15,Hexa Core,2.4 GHz,128 GB,4 GB,Yes,Speaker Phone,Yes,12MP Front Camera,Yes,"5G, 4G, 3G, 2G",Yes,Yes,3.5mm,Yes,6000 mAh,173 g,1 Year,4.2,3.2,3.9,3.6,3.9
18,"Infinix SMART 7 (Azure Blue, 64 GB)  (4 GB RAM)","₹7,499",iPhone 13,Pink,Dual Sim,Yes,15.49 cm (6.1 inch),2532 x 1170 Pixels,iOS 15,Hexa Core,2.4 GHz,128 GB,4 GB,Yes,Speaker Phone,Yes,12MP Front Camera,Yes,"5G, 4G, 3G, 2G",Yes,Yes,3.5mm,Yes,6000 mAh,173 g,1 Year,4.2,3.2,3.9,3.6,3.9
19,"POCO C51 (Power Black, 64 GB)  (4 GB RAM)","₹7,749",iPhone 13,Pink,Dual Sim,Yes,15.49 cm (6.1 inch),2532 x 1170 Pixels,iOS 15,Hexa Core,2.4 GHz,128 GB,4 GB,Yes,Call Wait/Hold,Yes,12MP Front Camera,Yes,"5G, 4G, 3G, 2G",Yes,Yes,3.5mm,Yes,6000 mAh,173 g,1 Year,4.8,0.0,0.0,0.0,0.0
20,"realme C33 2023 (Sandy Gold, 64 GB)  (4 GB RAM)","₹9,999",iPhone 13,Pink,Dual Sim,Yes,15.49 cm (6.1 inch),2532 x 1170 Pixels,iOS 15,Hexa Core,2.4 GHz,128 GB,4 GB,Yes,Speaker Phone,Yes,12MP Front Camera,Yes,"5G, 4G, 3G, 2G",Yes,Yes,3.5mm,Yes,6000 mAh,173 g,1 Year,4.4,0.0,0.0,0.0,0.0
21,"realme C33 2023 (Night Sea, 64 GB)  (4 GB RAM)","₹9,999",iPhone 13,Pink,Dual Sim,Yes,15.49 cm (6.1 inch),2532 x 1170 Pixels,iOS 15,Hexa Core,2.4 GHz,128 GB,4 GB,Yes,Speaker Phone,Yes,12MP Front Camera,Yes,"5G, 4G, 3G, 2G",Yes,Yes,3.5mm,Yes,6000 mAh,173 g,1 Year,4.4,0.0,0.0,0.0,0.0
22,"APPLE iPhone 11 (White, 128 GB)","₹43,999",iPhone 11,White,Dual Sim,Yes,15.49 cm (6.1 inch),1792 x 828 Pixels,iOS 14.2,Hexa Core,2.4 GHz,128 GB,4 GB,Yes,12MP + 12MP,Yes,12MP Front Camera,Yes,"4G VOLTE, 4G, 3G, 2G",Yes,Yes,3.5mm,Yes,6000 mAh,194 g,1 Year,4.6,4.5,4.2,4.4,4.4
23,"REDMI 10 (Caribbean Green, 64 GB)  (4 GB RAM)","₹9,999",10,Caribbean Green,Dual Sim,Yes,17.02 cm (6.7 inch),1650 x 720 Pixels,Android 11,Octa Core,2.4 GHz,64 GB,4 GB,Yes,50MP + 2MP,Yes,5MP Front Camera,Yes,"4G VOLTE, 4G, 3G, 2G",Yes,Yes,3.5mm,Yes,6000 mAh,203 g,1 Year,4.3,3.6,4.1,3.9,3.9
24,"realme C55 (Rainy Night, 128 GB)  (8 GB RAM)","₹13,999",C55,Rainy Night,Dual Sim,Yes,17.07 cm (6.72 inch),2400 x 1080 Pixels,Android 13,Octa Core,2 GHz,128 GB,8 GB,Yes,64MP + 2MP,Yes,8MP Front Camera,Yes,"2G, 3G, 4G",Yes,Yes,3.5mm,Yes,5000 mAh,189.5 g,1 Year,4.4,3.9,4.2,4.2,4.3
25,"realme C55 (Rainy Night, 64 GB)  (6 GB RAM)","₹11,999",C55,Rainy Night,Dual Sim,Yes,17.07 cm (6.72 inch),2400 x 1080 Pixels,Android 13,Octa Core,2 GHz,64 GB,6 GB,Yes,64MP + 2MP,Yes,8MP Front Camera,Yes,"2G, 3G, 4G",Yes,Yes,3.5mm,Yes,5000 mAh,189.5 g,1 Year,4.4,3.9,4.2,4.1,4.4
26,"realme C55 (Rainy Night, 64 GB)  (4 GB RAM)","₹10,999",C55,Rainy Night,Dual Sim,Yes,17.07 cm (6.72 inch),2400 x 1080 Pixels,Android 13,Octa Core,2 GHz,64 GB,4 GB,Yes,64MP + 2MP,Yes,8MP Front Camera,Yes,"2G, 3G, 4G",Yes,Yes,3.5mm,Yes,5000 mAh,189.5 g,1 Year,4.4,3.9,4.2,4.2,4.4
27,"realme C55 (Sunshower, 64 GB)  (4 GB RAM)","₹10,999",C55,Sunshower,Dual Sim,Yes,17.07 cm (6.72 inch),2400 x 1080 Pixels,Android 13,Octa Core,2 GHz,64 GB,4 GB,Yes,64MP + 2MP,Yes,8MP Front Camera,Yes,"2G, 3G, 4G",Yes,Yes,3.5mm,Yes,5000 mAh,189.5 g,1 Year,4.4,3.9,4.2,4.2,4.4
28,"realme C55 (Sunshower, 64 GB)  (6 GB RAM)","₹11,999",C55,Sunshower,Dual Sim,Yes,17.07 cm (6.72 inch),2400 x 1080 Pixels,Android 13,Octa Core,2 GHz,64 GB,6 GB,Yes,64MP + 2MP,Yes,8MP Front Camera,Yes,"2G, 3G, 4G",Yes,Yes,3.5mm,Yes,5000 mAh,189.5 g,1 Year,4.4,3.9,4.2,4.1,4.4
29,"realme C55 (Sunshower, 128 GB)  (8 GB RAM)","₹13,999",C55,Sunshower,Dual Sim,Yes,17.07 cm (6.72 inch),2400 x 1080 Pixels,Android 13,Octa Core,2 GHz,128 GB,8 GB,Yes,64MP + 2MP,Yes,8MP Front Camera,Yes,"2G, 3G, 4G",Yes,Yes,3.5mm,Yes,5000 mAh,189.5 g,1 Year,4.4,3.9,4.2,4.2,4.3
30,"SAMSUNG Galaxy F14 5G (OMG Black, 128 GB)  (4 GB RAM)","₹14,490",Galaxy F14 5G,OMG Black,Dual Sim,Yes,16.76 cm (6.6 inch),2408 x 1080 Pixels,Android 13,Octa Core,2.4 GHz,128 GB,4 GB,Yes,50MP + 2MP,Yes,13MP Front Camera,Yes,"2G, 3G, 4G, 5G",Yes,Yes,3.5mm,Yes,6000 mAh,205 g,1 Year,4.2,3.7,4.4,3.9,3.7
31,"realme C30 (Denim Black, 32 GB)  (2 GB RAM)","₹5,999",C30,Denim Black,Dual Sim,Yes,16.51 cm (6.5 inch),1600 x 720 Pixel,Android 11,Octa Core,1.82 GHz,32 GB,2 GB,Yes,8MP Rear Camera,Yes,5MP Front Camera,Yes,"4G VOLTE, 4G, 3G, 2G",Yes,Yes,3.5mm,Yes,5000 mAh,182 g,1 Year,4.2,3.4,3.9,3.8,3.9
32,"realme C30 (Lake Blue, 32 GB)  (2 GB RAM)","₹5,999",C30,Lake Blue,Dual Sim,Yes,16.51 cm (6.5 inch),1600 x 720 Pixel,Android 11,Octa Core,1.82 GHz,32 GB,2 GB,Yes,8MP Rear Camera,Yes,5MP Front Camera,Yes,"4G VOLTE, 4G, 3G, 2G",Yes,Yes,3.5mm,Yes,5000 mAh,182 g,1 Year,4.2,3.4,3.9,3.8,3.9
33,"realme C30 (Bamboo Green, 32 GB)  (2 GB RAM)","₹5,999",C30,Bamboo Green,Dual Sim,Yes,16.51 cm (6.5 inch),1600 x 720 Pixel,Android 11,Octa Core,1.82 GHz,32 GB,2 GB,Yes,8MP Rear Camera,Yes,5MP Front Camera,Yes,"4G VOLTE, 4G, 3G, 2G",Yes,Yes,3.5mm,Yes,5000 mAh,182 g,1 Year,4.2,3.4,3.9,3.8,3.9
34,"Realme C30 - Locked with Airtel Prepaid (Denim Black, 32 GB)  (2 GB RAM)","₹5,549",C30,Denim Black,Dual Sim,Yes,16.51 cm (6.5 inch),1600 x 720 Pixel,Android 11,Octa Core,1.82 GHz,32 GB,2 GB,Yes,8MP Rear Camera,Yes,5MP Front Camera,Yes,"4G VOLTE, 4G, 3G, 2G",Yes,Yes,3.5mm,Yes,5000 mAh,182 g,1 Year,4.2,3.4,3.9,3.8,3.9
35,Nokia 105 SS  (Blue),"₹1,299",105 SS,Blue,Single Sim,No,4.5 cm (1.77 inch),160 x 128 Pixels,Symbian,Octa Core,0.208 GHz,32 MB,32 MB,No,8MP Rear Camera,No,0MP Front Camera,No,2G,No,No,3.5mm,No,800 mAh,51 g,1 Year,4.2,3.0,3.9,3.8,3.9
36,"POCO C55 (Forest Green, 128 GB)  (6 GB RAM)","₹9,999",C55,Forest Green,Dual Sim,Yes,17.04 cm (6.71 inch),1650 x 720 Pixels,Android 12,Octa Core,2 GHz,128 GB,6 GB,Yes,50MP Rear Camera,Yes,5MP Front Camera,Yes,"4G VOLTE, 4G, 3G, 2G",Yes,Yes,3.5mm,Yes,5000 mAh,192 g,1 Year,4.2,3.3,3.7,3.6,3.8
37,"realme C30 (Bamboo Green, 32 GB)  (3 GB RAM)","₹6,999",C30,Bamboo Green,Dual Sim,Yes,16.51 cm (6.5 inch),1600 x 720 Pixel,Android 11,Octa Core,1.82 GHz,32 GB,3 GB,Yes,8MP Rear Camera,Yes,5MP Front Camera,Yes,"4G VOLTE, 4G, 3G, 2G",Yes,Yes,3.5mm,Yes,5000 mAh,182 g,1 Year,4.1,3.3,3.8,3.7,3.8
38,"realme C30 (Denim Black, 32 GB)  (3 GB RAM)","₹6,999",C30,Denim Black,Dual Sim,Yes,16.51 cm (6.5 inch),1600 x 720 Pixel,Android 11,Octa Core,1.82 GHz,32 GB,3 GB,Yes,8MP Rear Camera,Yes,5MP Front Camera,Yes,"4G VOLTE, 4G, 3G, 2G",Yes,Yes,3.5mm,Yes,5000 mAh,182 g,1 Year,4.1,3.3,3.8,3.7,3.8
39,"MOTOROLA g52 (Metallic White, 128 GB)  (6 GB RAM)","₹12,999",g52,Metallic White,Dual Sim,Yes,16.76 cm (6.6 inch),2460 x 1080 Pixels,Android 12,Octa Core,2.4 GHz,128 GB,6 GB,Yes,50MP + 8MP + 2MP,Yes,16MP Front Camera,Yes,"4G, 3G, 2G",Yes,Yes,Yes,Yes,5000 mAh,169 g,1 Year,4.2,3.5,4.2,4.4,4.2
40,"realme C30 (Lake Blue, 32 GB)  (3 GB RAM)","₹6,999",C30,Lake Blue,Dual Sim,Yes,16.51 cm (6.5 inch),1600 x 720 Pixel,Android 11,Octa Core,1.82 GHz,32 GB,3 GB,Yes,8MP Rear Camera,Yes,5MP Front Camera,Yes,"4G VOLTE, 4G, 3G, 2G",Yes,Yes,3.5mm,Yes,5000 mAh,182 g,1 Year,4.1,3.3,3.8,3.7,3.8
41,"POCO C55 (Forest Green, 64 GB)  (4 GB RAM)","₹8,499",C55,Forest Green,Dual Sim,Yes,17.04 cm (6.71 inch),1650 x 720 Pixels,Android 12,Octa Core,2 GHz,64 GB,4 GB,Yes,50MP Rear Camera,Yes,5MP Front Camera,Yes,"4G VOLTE, 4G, 3G, 2G",Yes,Yes,3.5mm,Yes,5000 mAh,192 g,1 Year,4.2,3.4,3.9,3.7,3.9
42,"MOTOROLA G32 (Satin Silver, 128 GB)  (8 GB RAM)","₹11,999",G32,Satin Silver,Dual Sim,Yes,16.64 cm (6.55 inch),2400 x 1080 Pixels,Android 12,Octa Core,2.4 GHz,128 GB,8 GB,Yes,50MP + 8MP + 2MP,Yes,16MP Front Camera,Yes,"4G, 3G, 2G",Yes,Yes,Yes,Yes,5000 mAh,180 g,1 Year,4.1,3.6,4.1,4.0,4.0
43,"MOTOROLA G62 5G (Frosted Blue, 128 GB)  (6 GB RAM)","₹15,999",G62 5G,Frosted Blue,Dual Sim,Yes,16.64 cm (6.55 inch),2400 x 1080 Pixels,Android 12,Octa Core,2.2 GHz,128 GB,6 GB,Yes,50MP + 8MP + 2MP,Yes,16MP Front Camera,Yes,"5G, 4G, 3G, 2G",Yes,Yes,3.5mm,Yes,5000 mAh,184 g,1 Year,4.2,3.4,4.1,4.0,4.1
44,"realme 10 Pro 5G (Nebula Blue, 128 GB)  (8 GB RAM)","₹19,999",10 Pro 5G,Nebula Blue,Dual Sim,Yes,17.07 cm (6.72 inch),2400 x 1080 Pixel,Android 13,Octa Core,2.2 GHz,128 GB,8 GB,Yes,108MP + 2MP,Yes,16MP Front Camera,Yes,"5G, 4G VOLTE, 4G, 3G, 2G",Yes,Yes,3.5mm,Yes,5000 mAh,190 g,1 Year,4.4,4.1,4.1,4.2,4.3
45,"realme 10 Pro 5G (Nebula Blue, 128 GB)  (6 GB RAM)","₹18,999",10 Pro 5G,Nebula Blue,Dual Sim,Yes,17.07 cm (6.72 inch),2400 x 1080 Pixel,Android 13,Octa Core,2.2 GHz,128 GB,6 GB,Yes,108MP + 2MP,Yes,16MP Front Camera,Yes,"5G, 4G VOLTE, 4G, 3G, 2G",Yes,Yes,3.5mm,Yes,5000 mAh,190 g,1 Year,4.4,4.0,4.1,4.2,4.3
46,"POCO C50 (Country Green, 32 GB)  (3 GB RAM)","₹6,549",C50,Country Green,Dual Sim,Yes,16.56 cm (6.52 inch),1600 x 720 Pixels,Android 12 Go,Octa Core,2 GHz,32 GB,3 GB,Yes,8MP Dual Camera,Yes,5MP Front Camera,Yes,"4G VOLTE, 4G, 3G, 2G",Yes,Yes,3.5mm,Yes,5000 mAh,192 g,1 Year,4.1,3.3,4.0,3.7,3.9
47,"REDMI A1+ (Light Blue, 32 GB)  (2 GB RAM)","₹6,499",A1+,Light Blue,Dual Sim,Yes,16.56 cm (6.52 inch),1600 x 720 Pixels,Android 12 Go,Quad Core,2 GHz,32 GB,2 GB,Yes,8MP Rear Camera,Yes,5MP Front Camera,Yes,"4G VOLTE, 4G, 3G, 2G",Yes,Yes,3.5mm,Yes,5000 mAh,192 g,1 Year,4.2,3.2,3.9,3.8,3.7
48,"POCO C51 (Royal Blue, 64 GB)  (4 GB RAM)","₹7,749",C51,Royal Blue,Dual Sim,Yes,16.56 cm (6.52 inch),1600 x 720 Pixels,Android 13,Octa Core,2.2 GHz,64 GB,4 GB,Yes,8MP Rear Camera,Yes,5MP Front Camera,Yes,"2G, 3G, 4G, 4G VOLTE",Yes,Yes,3.5mm,Yes,5000 mAh,192 g,1 Year,4.8,0.0,0.0,0.0,0.0
49,"APPLE iPhone 13 (Green, 128 GB)","₹58,999",iPhone 13,Green,Dual Sim,Yes,15.49 cm (6.1 inch),2532 x 1170 Pixels,iOS 15,Hexa Core,2.2 GHz,128 GB,4 GB,Yes,Call Wait/Hold,Yes,5MP Front Camera,Yes,"2G, 3G, 4G, 4G VOLTE",Yes,Yes,3.5mm,Yes,5000 mAh,192 g,1 Year,4.7,4.6,4.4,4.7,4.6
50,"Realme C30 - Locked with Airtel Prepaid (Denim Black, 32 GB)  (2 GB RAM)","₹5,549",iPhone 13,Green,Dual Sim,Yes,15.49 cm (6.1 inch),2532 x 1170 Pixels,iOS 15,Hexa Core,2.2 GHz,128 GB,4 GB,Yes,Call Wait/Hold,Yes,5MP Front Camera,Yes,"2G, 3G, 4G, 4G VOLTE",Yes,Yes,3.5mm,Yes,5000 mAh,192 g,1 Year,4.2,3.4,3.9,3.8,3.9
51,"POCO M4 5G (Cool Blue, 128 GB)  (6 GB RAM)","₹13,999",iPhone 13,Green,Dual Sim,Yes,15.49 cm (6.1 inch),2532 x 1170 Pixels,iOS 15,Hexa Core,2.2 GHz,128 GB,4 GB,Yes,Speaker Phone,Yes,5MP Front Camera,Yes,"2G, 3G, 4G, 4G VOLTE",Yes,Yes,3.5mm,Yes,5000 mAh,192 g,1 Year,4.2,3.5,3.9,3.8,3.9
52,"MOTOROLA e40 (Carbon Gray, 64 GB)  (4 GB RAM)","₹8,499",iPhone 13,Green,Dual Sim,Yes,15.49 cm (6.1 inch),2532 x 1170 Pixels,iOS 15,Hexa Core,2.2 GHz,128 GB,4 GB,Yes,Network Type,Yes,5MP Front Camera,Yes,"2G, 3G, 4G, 4G VOLTE",Yes,Yes,3.5mm,Yes,5000 mAh,192 g,1 Year,4.2,3.5,4.0,3.8,3.9
53,Nokia 105 SS  (Blue),"₹1,299",iPhone 13,Green,Dual Sim,Yes,15.49 cm (6.1 inch),2532 x 1170 Pixels,iOS 15,Hexa Core,2.2 GHz,128 GB,4 GB,Yes,Network Type,Yes,5MP Front Camera,Yes,"2G, 3G, 4G, 4G VOLTE",Yes,Yes,3.5mm,Yes,5000 mAh,192 g,1 Year,4.2,3.0,3.9,3.8,3.9
54,"REDMI 10 (Shadow Black, 64 GB)  (4 GB RAM)","₹9,999",iPhone 13,Green,Dual Sim,Yes,15.49 cm (6.1 inch),2532 x 1170 Pixels,iOS 15,Hexa Core,2.2 GHz,128 GB,4 GB,Yes,Call Wait/Hold,Yes,5MP Front Camera,Yes,"2G, 3G, 4G, 4G VOLTE",Yes,Yes,3.5mm,Yes,5000 mAh,192 g,1 Year,4.3,3.6,4.1,3.9,3.9
55,"Infinix HOT 20 Play (Luna Blue, 64 GB)  (4 GB RAM)","₹8,299",HOT 20 Play,Luna Blue,Dual Sim,Yes,17.32 cm (6.82 inch),720 X 1640 Pixels,Android 12,Octa Core,2.3 GHz,64 GB,4 GB,Yes,13Mp + AI Lens,Yes,8MP Front Camera,Yes,"4G, 3G, 2G",Yes,Yes,3.5mm,Yes,6000 mAh,210 g,1 Year,4.4,3.6,4.3,4.0,4.1
56,"Infinix HOT 20 Play (Aurora Green, 64 GB)  (4 GB RAM)","₹8,299",HOT 20 Play,Luna Blue,Dual Sim,Yes,17.32 cm (6.82 inch),720 X 1640 Pixels,Android 12,Octa Core,2.3 GHz,64 GB,4 GB,Yes,13Mp + AI Lens,Yes,8MP Front Camera,Yes,"4G, 3G, 2G",Yes,Yes,3.5mm,Yes,6000 mAh,210 g,1 Year,4.4,3.6,4.3,4.0,4.1
57,"Infinix HOT 20 Play (Racing Black, 64 GB)  (4 GB RAM)","₹8,299",HOT 20 Play,Racing Black,Dual Sim,Yes,17.32 cm (6.82 inch),720 X 1640 Pixels,Android 12,Octa Core,2.3 GHz,64 GB,4 GB,Yes,13Mp + AI Lens,Yes,8MP Front Camera,Yes,"4G, 3G, 2G",Yes,Yes,3.5mm,Yes,6000 mAh,210 g,1 Year,4.4,3.6,4.3,4.0,4.1
58,"POCO C55 (Power Black, 64 GB)  (4 GB RAM)","₹8,499",C55,Power Black,Dual Sim,Yes,17.04 cm (6.71 inch),1650 x 720 Pixels,Android 12,Octa Core,2 GHz,64 GB,4 GB,Yes,50MP Rear Camera,Yes,5MP Front Camera,Yes,"4G VOLTE, 4G, 3G, 2G",Yes,Yes,3.5mm,Yes,5000 mAh,192 g,1 Year,4.2,3.4,3.9,3.7,3.9
59,"POCO M4 5G (Cool Blue, 64 GB)  (4 GB RAM)","₹11,999",M4 5G,Cool Blue,Dual Sim,Yes,16.71 cm (6.58 inch),2400 x 1080 Pixels,Android 12,Octa Core,2.2 GHz,64 GB,4 GB,Yes,50MP + 2MP,Yes,8MP Front Camera,Yes,"5G, 4G, 3G, 2G",Yes,Yes,3.5mm,Yes,5000 mAh,200 g,1 Year,4.2,3.5,3.9,3.8,3.9
60,"POCO M4 Pro 5G (Cool Blue, 128 GB)  (8 GB RAM)","₹15,999",M4 Pro 5G,Cool Blue,Dual Sim,Yes,16.76 cm (6.6 inch),2400 x 1080 Pixels,Android 11,Octa Core,2.4 GHz,128 GB,8 GB,Yes,50MP + 8MP,Yes,16MP Front Camera,Yes,"5G, 4G, 3G, 2G",Yes,Yes,3.5mm,Yes,5000 mAh,195 g,1 Year,4.2,3.6,4.0,4.0,4.0
61,"Infinix HOT 20 Play (Fantasy Purple, 64 GB)  (4 GB RAM)","₹8,299",M4 Pro 5G,Cool Blue,Dual Sim,Yes,16.76 cm (6.6 inch),2400 x 1080 Pixels,Android 11,Octa Core,2.4 GHz,128 GB,8 GB,Yes,50MP + 8MP,Yes,16MP Front Camera,Yes,"5G, 4G, 3G, 2G",Yes,Yes,3.5mm,Yes,5000 mAh,195 g,1 Year,4.4,3.6,4.3,4.0,4.1
62,"MOTOROLA g52 (Metallic White, 128 GB)  (6 GB RAM)","₹12,999",M4 Pro 5G,Cool Blue,Dual Sim,Yes,16.76 cm (6.6 inch),2400 x 1080 Pixels,Android 11,Octa Core,2.4 GHz,128 GB,8 GB,Yes,Network Type,Yes,16MP Front Camera,Yes,"5G, 4G, 3G, 2G",Yes,Yes,3.5mm,Yes,5000 mAh,195 g,1 Year,4.2,3.5,4.2,4.4,4.2
63,"REDMI 10 Power (Sporty Orange, 128 GB)  (8 GB RAM)","₹11,442",M4 Pro 5G,Cool Blue,Dual Sim,Yes,16.76 cm (6.6 inch),2400 x 1080 Pixels,Android 11,Octa Core,2.4 GHz,128 GB,8 GB,Yes,Network Type,Yes,16MP Front Camera,Yes,"5G, 4G, 3G, 2G",Yes,Yes,3.5mm,Yes,5000 mAh,195 g,1 Year,4.2,3.5,4.1,3.9,3.9
64,"REDMI A1+ (Light Green, 32 GB)  (2 GB RAM)","₹6,499",M4 Pro 5G,Cool Blue,Dual Sim,Yes,16.76 cm (6.6 inch),2400 x 1080 Pixels,Android 11,Octa Core,2.4 GHz,128 GB,8 GB,Yes,Call Wait/Hold,Yes,16MP Front Camera,Yes,"5G, 4G, 3G, 2G",Yes,Yes,3.5mm,Yes,5000 mAh,195 g,1 Year,4.2,3.2,3.9,3.8,3.7
65,"realme 10 Pro 5G (Nebula Blue, 128 GB)  (8 GB RAM)","₹19,999",M4 Pro 5G,Cool Blue,Dual Sim,Yes,16.76 cm (6.6 inch),2400 x 1080 Pixels,Android 11,Octa Core,2.4 GHz,128 GB,8 GB,Yes,Speaker Phone,Yes,16MP Front Camera,Yes,"5G, 4G, 3G, 2G",Yes,Yes,3.5mm,Yes,5000 mAh,195 g,1 Year,4.4,4.1,4.1,4.2,4.3
66,"realme 10 Pro 5G (Dark Matter, 128 GB)  (6 GB RAM)","₹18,999",M4 Pro 5G,Cool Blue,Dual Sim,Yes,16.76 cm (6.6 inch),2400 x 1080 Pixels,Android 11,Octa Core,2.4 GHz,128 GB,8 GB,Yes,Speaker Phone,Yes,16MP Front Camera,Yes,"5G, 4G, 3G, 2G",Yes,Yes,3.5mm,Yes,5000 mAh,195 g,1 Year,4.4,4.0,4.1,4.2,4.3
67,"realme 10 Pro 5G (Nebula Blue, 128 GB)  (6 GB RAM)","₹18,999",M4 Pro 5G,Cool Blue,Dual Sim,Yes,16.76 cm (6.6 inch),2400 x 1080 Pixels,Android 11,Octa Core,2.4 GHz,128 GB,8 GB,Yes,Speaker Phone,Yes,16MP Front Camera,Yes,"5G, 4G, 3G, 2G",Yes,Yes,3.5mm,Yes,5000 mAh,195 g,1 Year,4.4,4.0,4.1,4.2,4.3
68,"POCO M4 5G (Power Black, 64 GB)  (4 GB RAM)","₹11,999",M4 5G,Power Black,Dual Sim,Yes,16.71 cm (6.58 inch),2400 x 1080 Pixels,Android 12,Octa Core,2.2 GHz,64 GB,4 GB,Yes,50MP + 2MP,Yes,8MP Front Camera,Yes,"5G, 4G, 3G, 2G",Yes,Yes,3.5mm,Yes,5000 mAh,200 g,1 Year,4.2,3.5,3.9,3.8,3.9
69,"POCO M4 5G (Power Black, 128 GB)  (6 GB RAM)","₹13,999",M4 5G,Power Black,Dual Sim,Yes,16.71 cm (6.58 inch),2400 x 1080 Pixels,Android 12,Octa Core,2.2 GHz,128 GB,6 GB,Yes,50MP + 2MP,Yes,8MP Front Camera,Yes,"5G, 4G, 3G, 2G",Yes,Yes,3.5mm,Yes,5000 mAh,200 g,1 Year,4.2,3.5,3.9,3.8,3.9
70,"MOTOROLA e13 (Cosmic Black, 64 GB)  (4 GB RAM)","₹7,749",e13,Cosmic Black,Dual Sim,Yes,16.51 cm (6.5 inch),1600 x 720 Pixels,Android 13 (Go Edition),Octa Core,1.6 GHz,64 GB,4 GB,Yes,13MP Rear Camera,Yes,5MP Front Camera,Yes,"4G, 3G, 2G",Yes,Yes,3.5mm,Yes,5000 mAh,179.5 g,1 Year,4,3.1,4.0,3.7,4.0
71,"MOTOROLA g31 (Meteorite Grey, 64 GB)  (4 GB RAM)","₹9,499",g31,Meteorite Grey,Dual Sim,Yes,16.26 cm (6.4 inch),2400 x 1080 Pixels,Android 11,Octa Core,2 GHz,64 GB,4 GB,Yes,50MP + 8MP + 2MP,Yes,13MP Front Camera,Yes,"4G, 3G, 2G",Yes,Yes,3.5mm,Yes,5000 mAh,180 g,1 Year,4.2,3.7,4.1,4.2,4.0
72,"MOTOROLA g52 (Charcoal Grey, 128 GB)  (6 GB RAM)","₹12,999",g52,Charcoal Grey,Dual Sim,Yes,16.76 cm (6.6 inch),2460 x 1080 Pixels,Android 12,Octa Core,2.4 GHz,128 GB,6 GB,Yes,50MP + 8MP + 2MP,Yes,16MP Front Camera,Yes,"4G, 3G, 2G",Yes,Yes,Yes,Yes,5000 mAh,169 g,1 Year,4.2,3.5,4.2,4.4,4.2
73,"POCO M4 Pro (Cool Blue, 64 GB)  (6 GB RAM)","₹11,999",M4 Pro,Cool Blue,Dual Sim,Yes,16.33 cm (6.43 inch),2400 x 1080 Pixels,Android 11,Octa Core,2.05 GHz,64 GB,6 GB,Yes,64MP + 8MP + 2MP,Yes,16MP Front Camera,Yes,"4G, 3G, 2G",Yes,Yes,3.5mm,Yes,5000 mAh,179.5 g,1 Year,4.3,3.9,4.1,4.3,4.1
74,"REDMI 10 (Sunrise Orange, 64 GB)  (4 GB RAM)","₹9,999",10,Sunrise Orange,Dual Sim,Yes,17.02 cm (6.7 inch),1650 x 720 Pixels,Android 11,Octa Core,2.4 GHz,64 GB,4 GB,Yes,50MP + 2MP,Yes,5MP Front Camera,Yes,"4G VOLTE, 4G, 3G, 2G",Yes,Yes,3.5mm,Yes,6000 mAh,203 g,1 Year,4.3,3.6,4.1,3.9,3.9
75,"POCO M4 Pro 5G (Yellow, 128 GB)  (8 GB RAM)","₹15,999",M4 Pro 5G,Yellow,Dual Sim,Yes,16.76 cm (6.6 inch),2400 x 1080 Pixels,Android 11,Octa Core,2.4 GHz,128 GB,8 GB,Yes,50MP + 8MP,Yes,16MP Front Camera,Yes,"5G, 4G, 3G, 2G",Yes,Yes,3.5mm,Yes,5000 mAh,195 g,1 Year,4.2,3.6,4.0,4.0,4.0
76,"MOTOROLA G62 5G (Midnight Gray, 128 GB)  (6 GB RAM)","₹15,999",G62 5G,Midnight Gray,Dual Sim,Yes,16.64 cm (6.55 inch),2400 x 1080 Pixels,Android 12,Octa Core,2.2 GHz,128 GB,6 GB,Yes,50MP + 8MP + 2MP,Yes,16MP Front Camera,Yes,"5G, 4G, 3G, 2G",Yes,Yes,3.5mm,Yes,5000 mAh,184 g,1 Year,4.2,3.4,4.1,4.0,4.1
77,"MOTOROLA G62 5G (Midnight Gray, 128 GB)  (8 GB RAM)","₹16,499",G62 5G,Midnight Gray,Dual Sim,Yes,16.64 cm (6.55 inch),2400 x 1080 Pixels,Android 12,Octa Core,2.2 GHz,128 GB,8 GB,Yes,50MP + 8MP + 2MP,Yes,16MP Front Camera,Yes,"5G, 4G, 3G, 2G",Yes,Yes,3.5mm,Yes,5000 mAh,184 g,1 Year,4.1,3.5,3.9,4.0,4.0
78,"realme 10 Pro 5G (Hyperspace, 128 GB)  (8 GB RAM)","₹19,999",10 Pro 5G,Hyperspace,Dual Sim,Yes,17.07 cm (6.72 inch),2400 x 1080 Pixel,Android 13,Octa Core,2.2 GHz,128 GB,8 GB,Yes,108MP + 2MP,Yes,16MP Front Camera,Yes,"5G, 4G VOLTE, 4G, 3G, 2G",Yes,Yes,3.5mm,Yes,5000 mAh,192 g,1 Year,4.4,4.1,4.1,4.2,4.3
79,"MOTOROLA G40 Fusion (Frosted Champagne, 128 GB)  (6 GB RAM)","₹12,999",G40 Fusion,Frosted Champagne,Dual Sim,Yes,17.22 cm (6.78 inch),2460 x 1080 Pixels,Android 11,Octa Core,2.3 GHz,128 GB,6 GB,Yes,64MP + 8MP + 2MP,Yes,16MP Front Camera,Yes,"4G, 3G, 2G",Yes,Yes,3.5mm,Yes,6000 mAh,220 g,1 Year,4.2,3.8,4.2,4.1,4.0
80,"realme 10 Pro 5G (Hyperspace, 128 GB)  (6 GB RAM)","₹18,999",10 Pro 5G,Hyperspace,Dual Sim,Yes,17.07 cm (6.72 inch),2400 x 1080 Pixel,Android 13,Octa Core,2.2 GHz,128 GB,6 GB,Yes,108MP + 2MP,Yes,16MP Front Camera,Yes,"5G, 4G VOLTE, 4G, 3G, 2G",Yes,Yes,3.5mm,Yes,5000 mAh,192 g,1 Year,4.4,4.0,4.1,4.2,4.3
81,"MOTOROLA e13 (Aurora Green, 64 GB)  (2 GB RAM)","₹6,999",e13,Aurora Green,Dual Sim,Yes,16.51 cm (6.5 inch),1600 x 720 Pixels,Android 13 (Go Edition),Octa Core,1.6 GHz,64 GB,2 GB,Yes,13MP Rear Camera,Yes,5MP Front Camera,Yes,"4G, 3G, 2G",Yes,Yes,3.5mm,Yes,5000 mAh,179.5 g,1 Year,4,3.2,4.0,3.7,4.1
82,"APPLE iPhone 11 (Black, 128 GB)","₹43,999",e13,Aurora Green,Dual Sim,Yes,16.51 cm (6.5 inch),1600 x 720 Pixels,Android 13 (Go Edition),Octa Core,1.6 GHz,64 GB,2 GB,Yes,Phone Book,Yes,5MP Front Camera,Yes,"4G, 3G, 2G",Yes,Yes,3.5mm,Yes,5000 mAh,179.5 g,1 Year,4.6,4.5,4.2,4.4,4.4
83,"SAMSUNG Galaxy F23 5G (Forest Green, 128 GB)  (6 GB RAM)","₹15,999",e13,Aurora Green,Dual Sim,Yes,16.51 cm (6.5 inch),1600 x 720 Pixels,Android 13 (Go Edition),Octa Core,1.6 GHz,64 GB,2 GB,Yes,Call Wait/Hold,Yes,5MP Front Camera,Yes,"4G, 3G, 2G",Yes,Yes,3.5mm,Yes,5000 mAh,179.5 g,1 Year,4.3,3.8,4.0,4.0,4.0
84,"SAMSUNG Galaxy F14 5G (B.A.E. Purple, 128 GB)  (6 GB RAM)","₹15,990",e13,Aurora Green,Dual Sim,Yes,16.51 cm (6.5 inch),1600 x 720 Pixels,Android 13 (Go Edition),Octa Core,1.6 GHz,64 GB,2 GB,Yes,Call Wait/Hold,Yes,5MP Front Camera,Yes,"4G, 3G, 2G",Yes,Yes,3.5mm,Yes,5000 mAh,179.5 g,1 Year,4.2,3.7,4.2,4.0,3.8
85,"REDMI A1 (Black, 32 GB)  (2 GB RAM)","₹6,480",e13,Aurora Green,Dual Sim,Yes,16.51 cm (6.5 inch),1600 x 720 Pixels,Android 13 (Go Edition),Octa Core,1.6 GHz,64 GB,2 GB,Yes,Network Type,Yes,5MP Front Camera,Yes,"4G, 3G, 2G",Yes,Yes,3.5mm,Yes,5000 mAh,179.5 g,1 Year,4.2,3.5,4.1,3.9,4.0
86,"realme C33 2023 (Aqua Blue, 128 GB)  (4 GB RAM)","₹10,499",e13,Aurora Green,Dual Sim,Yes,16.51 cm (6.5 inch),1600 x 720 Pixels,Android 13 (Go Edition),Octa Core,1.6 GHz,64 GB,2 GB,Yes,Speaker Phone,Yes,5MP Front Camera,Yes,"4G, 3G, 2G",Yes,Yes,3.5mm,Yes,5000 mAh,179.5 g,1 Year,4.4,0.0,0.0,0.0,0.0
87,"REDMI 10 (Midnight Black, 128 GB)  (6 GB RAM)","₹11,999",e13,Aurora Green,Dual Sim,Yes,16.51 cm (6.5 inch),1600 x 720 Pixels,Android 13 (Go Edition),Octa Core,1.6 GHz,64 GB,2 GB,Yes,Call Wait/Hold,Yes,5MP Front Camera,Yes,"4G, 3G, 2G",Yes,Yes,3.5mm,Yes,5000 mAh,179.5 g,1 Year,4.2,3.5,4.1,3.9,3.8
88,"MOTOROLA G40 Fusion (Dynamic Gray, 64 GB)  (4 GB RAM)","₹10,999",e13,Aurora Green,Dual Sim,Yes,16.51 cm (6.5 inch),1600 x 720 Pixels,Android 13 (Go Edition),Octa Core,1.6 GHz,64 GB,2 GB,Yes,Hands Free,Yes,5MP Front Camera,Yes,"4G, 3G, 2G",Yes,Yes,3.5mm,Yes,5000 mAh,179.5 g,1 Year,4.2,3.8,4.3,4.1,4.0
89,,0,,,,,,,,,,,,,,,,,,,,,,,,,0.0,0.0,0.0,0.0,0.0
90,"Infinix Hot 12 (Turquoise Cyan, 64 GB)  (4 GB RAM)","₹8,499",Hot 12,Turquoise Cyan,Dual Sim,Yes,17.32 cm (6.82 inch),1640 x 720 Pixels,Android 11,Octa Core,2.3 GHz,64 GB,4 GB,Yes,50 MP + 2 MP Depth Lens + AI Lens,Yes,8MP Front Camera,Yes,"4G, 3G, 2G",,Yes,,Yes,6000 mAh,0.192 g,,4.3,3.8,4.2,4.1,4.0
91,"Infinix Hot 12 (7° Purple, 64 GB)  (4 GB RAM)","₹8,499",Hot 12,7° Purple,Dual Sim,Yes,17.32 cm (6.82 inch),1640 x 720 Pixels,Android 11,Octa Core,2.3 GHz,64 GB,4 GB,Yes,50 MP + 2 MP Depth Lens + AI Lens,Yes,8MP Front Camera,Yes,"4G, 3G, 2G",,Yes,,Yes,6000 mAh,0.192 g,,4.3,3.8,4.2,4.1,4.0
92,"Infinix Hot 12 (Polar Black, 64 GB)  (4 GB RAM)","₹8,499",Hot 12,Polar Black,Dual Sim,Yes,17.32 cm (6.82 inch),1640 x 720 Pixels,Android 11,Octa Core,2.3 GHz,64 GB,4 GB,Yes,50 MP + 2 MP Depth Lens + AI Lens,Yes,8MP Front Camera,Yes,"4G, 3G, 2G",,Yes,,Yes,6000 mAh,0.192 g,,4.3,3.8,4.2,4.1,4.0
93,"Infinix Hot 12 (Exploratory Blue, 64 GB)  (4 GB RAM)","₹8,499",Hot 12,Exploratory Blue,Dual Sim,Yes,17.32 cm (6.82 inch),1640 x 720 Pixels,Android 11,Octa Core,2.3 GHz,64 GB,4 GB,Yes,50 MP + 2 MP Depth Lens + AI Lens,Yes,8MP Front Camera,Yes,"4G, 3G, 2G",,Yes,,Yes,6000 mAh,0.192 g,,4.3,3.8,4.2,4.1,4.0
94,"APPLE iPhone 13 (Blue, 128 GB)","₹58,999",iPhone 13,Blue,Dual Sim,Yes,15.49 cm (6.1 inch),2532 x 1170 Pixels,iOS 15,Hexa Core,2.3 GHz,128 GB,4 GB,Yes,Call Wait/Hold,Yes,8MP Front Camera,Yes,"4G, 3G, 2G",,Yes,,Yes,6000 mAh,0.192 g,,4.7,4.6,4.4,4.7,4.6
95,"realme C33 2023 (Night Sea, 128 GB)  (4 GB RAM)","₹10,499",iPhone 13,Blue,Dual Sim,Yes,15.49 cm (6.1 inch),2532 x 1170 Pixels,iOS 15,Hexa Core,2.3 GHz,128 GB,4 GB,Yes,Speaker Phone,Yes,8MP Front Camera,Yes,"4G, 3G, 2G",,Yes,,Yes,6000 mAh,0.192 g,,4.4,0.0,0.0,0.0,0.0
96,"realme C33 2023 (Sandy Gold, 128 GB)  (4 GB RAM)","₹10,499",iPhone 13,Blue,Dual Sim,Yes,15.49 cm (6.1 inch),2532 x 1170 Pixels,iOS 15,Hexa Core,2.3 GHz,128 GB,4 GB,Yes,Speaker Phone,Yes,8MP Front Camera,Yes,"4G, 3G, 2G",,Yes,,Yes,6000 mAh,0.192 g,,4.4,0.0,0.0,0.0,0.0
97,"realme C33 (Aqua Blue, 64 GB)  (4 GB RAM)","₹9,999",iPhone 13,Blue,Dual Sim,Yes,15.49 cm (6.1 inch),2532 x 1170 Pixels,iOS 15,Hexa Core,2.3 GHz,128 GB,4 GB,Yes,Speaker Phone,Yes,8MP Front Camera,Yes,"4G, 3G, 2G",,Yes,,Yes,6000 mAh,0.192 g,,4.4,3.6,4.0,3.9,4.2
98,"realme C33 (Sandy Gold, 64 GB)  (4 GB RAM)","₹9,999",iPhone 13,Blue,Dual Sim,Yes,15.49 cm (6.1 inch),2532 x 1170 Pixels,iOS 15,Hexa Core,2.3 GHz,128 GB,4 GB,Yes,Speaker Phone,Yes,8MP Front Camera,Yes,"4G, 3G, 2G",,Yes,,Yes,6000 mAh,0.192 g,,4.4,3.6,4.0,3.9,4.2
99,"realme C33 (Night Sea, 64 GB)  (4 GB RAM)","₹9,999",iPhone 13,Blue,Dual Sim,Yes,15.49 cm (6.1 inch),2532 x 1170 Pixels,iOS 15,Hexa Core,2.3 GHz,128 GB,4 GB,Yes,Speaker Phone,Yes,8MP Front Camera,Yes,"4G, 3G, 2G",,Yes,,Yes,6000 mAh,0.192 g,,4.4,3.6,4.0,3.9,4.2
100,"MOTOROLA e13 (Creamy White, 64 GB)  (4 GB RAM)","₹7,749",iPhone 13,Blue,Dual Sim,Yes,15.49 cm (6.1 inch),2532 x 1170 Pixels,iOS 15,Hexa Core,2.3 GHz,128 GB,4 GB,Yes,Speaker Phone,Yes,8MP Front Camera,Yes,"4G, 3G, 2G",,Yes,,Yes,6000 mAh,0.192 g,,4,3.1,4.0,3.7,4.0
101,"SAMSUNG Galaxy F23 5G (Copper Blush, 128 GB)  (6 GB RAM)","₹15,999",iPhone 13,Blue,Dual Sim,Yes,15.49 cm (6.1 inch),2532 x 1170 Pixels,iOS 15,Hexa Core,2.3 GHz,128 GB,4 GB,Yes,Call Wait/Hold,Yes,8MP Front Camera,Yes,"4G, 3G, 2G",,Yes,,Yes,6000 mAh,0.192 g,,4.3,3.8,4.0,4.0,4.0
102,"realme C33 (Aqua Blue, 32 GB)  (3 GB RAM)","₹8,999",iPhone 13,Blue,Dual Sim,Yes,15.49 cm (6.1 inch),2532 x 1170 Pixels,iOS 15,Hexa Core,2.3 GHz,128 GB,4 GB,Yes,Speaker Phone,Yes,8MP Front Camera,Yes,"4G, 3G, 2G",,Yes,,Yes,6000 mAh,0.192 g,,4.4,3.6,4.0,3.9,4.2
103,"realme C33 (Night Sea, 32 GB)  (3 GB RAM)","₹8,999",iPhone 13,Blue,Dual Sim,Yes,15.49 cm (6.1 inch),2532 x 1170 Pixels,iOS 15,Hexa Core,2.3 GHz,128 GB,4 GB,Yes,Speaker Phone,Yes,8MP Front Camera,Yes,"4G, 3G, 2G",,Yes,,Yes,6000 mAh,0.192 g,,4.4,3.6,4.0,3.9,4.2
104,"realme C33 (Sandy Gold, 32 GB)  (3 GB RAM)","₹8,999",iPhone 13,Blue,Dual Sim,Yes,15.49 cm (6.1 inch),2532 x 1170 Pixels,iOS 15,Hexa Core,2.3 GHz,128 GB,4 GB,Yes,Speaker Phone,Yes,8MP Front Camera,Yes,"4G, 3G, 2G",,Yes,,Yes,6000 mAh,0.192 g,,4.4,3.6,4.0,3.9,4.2
105,Nokia 150 DS 2020  (Cyan),"₹2,566",iPhone 13,Blue,Dual Sim,Yes,15.49 cm (6.1 inch),2532 x 1170 Pixels,iOS 15,Hexa Core,2.3 GHz,128 GB,4 GB,Yes,Speaker Phone,Yes,8MP Front Camera,Yes,"4G, 3G, 2G",,Yes,,Yes,6000 mAh,0.192 g,,4.1,3.1,3.6,3.7,3.7
106,"realme Narzo 50 (Speed Blue, 64 GB)  (4 GB RAM)","₹12,265",iPhone 13,Blue,Dual Sim,Yes,15.49 cm (6.1 inch),2532 x 1170 Pixels,iOS 15,Hexa Core,2.3 GHz,128 GB,4 GB,Yes,Speaker Phone,Yes,8MP Front Camera,Yes,"4G, 3G, 2G",,Yes,,Yes,6000 mAh,0.192 g,,4.4,4.0,4.1,4.1,4.1
107,"SAMSUNG Galaxy F14 5G (OMG Black, 128 GB)  (6 GB RAM)","₹15,990",iPhone 13,Blue,Dual Sim,Yes,15.49 cm (6.1 inch),2532 x 1170 Pixels,iOS 15,Hexa Core,2.3 GHz,128 GB,4 GB,Yes,Call Wait/Hold,Yes,8MP Front Camera,Yes,"4G, 3G, 2G",,Yes,,Yes,6000 mAh,0.192 g,,4.2,3.7,4.2,4.0,3.8
108,"SAMSUNG Galaxy F23 5G (Aqua Blue, 128 GB)  (6 GB RAM)","₹15,999",iPhone 13,Blue,Dual Sim,Yes,15.49 cm (6.1 inch),2532 x 1170 Pixels,iOS 15,Hexa Core,2.3 GHz,128 GB,4 GB,Yes,Call Wait/Hold,Yes,8MP Front Camera,Yes,"4G, 3G, 2G",,Yes,,Yes,6000 mAh,0.192 g,,4.3,3.8,4.0,4.0,4.0
109,"POCO M4 Pro (Cool Blue, 128 GB)  (6 GB RAM)","₹12,999",iPhone 13,Blue,Dual Sim,Yes,15.49 cm (6.1 inch),2532 x 1170 Pixels,iOS 15,Hexa Core,2.3 GHz,128 GB,4 GB,Yes,Speaker Phone,Yes,8MP Front Camera,Yes,"4G, 3G, 2G",,Yes,,Yes,6000 mAh,0.192 g,,4.3,3.9,4.1,4.3,4.1
110,"Infinix Hot 20 5G (Blaster Green, 128 GB)  (6 GB RAM)","₹13,499",iPhone 13,Blue,Dual Sim,Yes,15.49 cm (6.1 inch),2532 x 1170 Pixels,iOS 15,Hexa Core,2.3 GHz,128 GB,4 GB,Yes,Speaker Phone,Yes,8MP Front Camera,Yes,"4G, 3G, 2G",,Yes,,Yes,6000 mAh,0.192 g,,4.1,3.6,3.9,3.9,3.9
111,"POCO M4 5G (Yellow, 64 GB)  (4 GB RAM)","₹11,999",iPhone 13,Blue,Dual Sim,Yes,15.49 cm (6.1 inch),2532 x 1170 Pixels,iOS 15,Hexa Core,2.3 GHz,128 GB,4 GB,Yes,Speaker Phone,Yes,8MP Front Camera,Yes,"4G, 3G, 2G",,Yes,,Yes,6000 mAh,0.192 g,,4.2,3.5,3.9,3.8,3.9
112,"realme 10 Pro+ 5G (Hyperspace, 128 GB)  (6 GB RAM)","₹24,999",iPhone 13,Blue,Dual Sim,Yes,15.49 cm (6.1 inch),2532 x 1170 Pixels,iOS 15,Hexa Core,2.3 GHz,128 GB,4 GB,Yes,Speaker Phone,Yes,8MP Front Camera,Yes,"4G, 3G, 2G",,Yes,,Yes,6000 mAh,0.192 g,,4.5,4.1,4.2,4.6,4.5
113,"Google Pixel 6a (Charcoal, 128 GB)  (6 GB RAM)","₹28,999",Pixel 6a,Charcoal,Dual Sim,Yes,15.6 cm (6.14 inch),2400 x 1080 PIxels,Android 12,,,128 GB,6 GB,Yes,12.2MP + 12MP,Yes,8MP Front Camera,Yes,"5G, 4G, 3G, 2G",Yes,,,Yes,4410 mAh,178 g,1 Year,4.3,4.4,3.8,4.3,4.3
114,"SAMSUNG Galaxy F23 5G (Copper Blush, 128 GB)  (6 GB RAM)","₹15,999",Galaxy F23 5G,Copper Blush,Dual Sim,Yes,16.76 cm (6.6 inch),2408 x 1080 Pixels,Android 12,Octa Core,2.2 GHz,128 GB,6 GB,Yes,50MP + 8MP + 2MP,Yes,8MP Front Camera,Yes,"5G, 4G, 3G, 2G",Yes,Yes,Yes,Yes,5000 mAh,198 g,1 Year,4.3,3.8,4.0,4.0,4.0
115,"Infinix Smart 6 HD (Aqua Sky, 32 GB)  (2 GB RAM)","₹5,799",Smart 6 HD,Aqua Sky,Dual Sim,Yes,16.76 cm (6.6 inch),1600 x720 Pixels,Android 11,Quad Core,2 GHz,32 GB,2 GB,Yes,8MP Rear Camera,Yes,5MP Front Camera,Yes,"4G, 3G, 2G",Yes,Yes,3.5mm,Yes,5000 mAh,180 g,1 Year,4.3,3.7,4.2,4.1,4.1
116,"Infinix HOT 20 Play (Luna Blue, 64 GB)  (4 GB RAM)","₹8,299",Smart 6 HD,Aqua Sky,Dual Sim,Yes,16.76 cm (6.6 inch),1600 x720 Pixels,Android 11,Quad Core,2 GHz,32 GB,2 GB,Yes,8MP Rear Camera,Yes,5MP Front Camera,Yes,"4G, 3G, 2G",Yes,Yes,3.5mm,Yes,5000 mAh,180 g,1 Year,4.4,3.6,4.3,4.0,4.1
117,"MOTOROLA g73 5G (Midnight Blue, 128 GB)  (8 GB RAM)","₹18,999",Smart 6 HD,Aqua Sky,Dual Sim,Yes,16.76 cm (6.6 inch),1600 x720 Pixels,Android 11,Quad Core,2 GHz,32 GB,2 GB,Yes,Speaker Phone,Yes,5MP Front Camera,Yes,"4G, 3G, 2G",Yes,Yes,3.5mm,Yes,5000 mAh,180 g,1 Year,4,3.6,3.7,4.0,4.1
118,"realme 10 Pro+ 5G (Dark Matter, 128 GB)  (8 GB RAM)","₹25,999",Smart 6 HD,Aqua Sky,Dual Sim,Yes,16.76 cm (6.6 inch),1600 x720 Pixels,Android 11,Quad Core,2 GHz,32 GB,2 GB,Yes,Speaker Phone,Yes,5MP Front Camera,Yes,"4G, 3G, 2G",Yes,Yes,3.5mm,Yes,5000 mAh,180 g,1 Year,4.5,4.1,4.2,4.6,4.5
119,"Infinix Hot 20 5G (Space Blue, 128 GB)  (6 GB RAM)","₹13,499",Smart 6 HD,Aqua Sky,Dual Sim,Yes,16.76 cm (6.6 inch),1600 x720 Pixels,Android 11,Quad Core,2 GHz,32 GB,2 GB,Yes,Speaker Phone,Yes,5MP Front Camera,Yes,"4G, 3G, 2G",Yes,Yes,3.5mm,Yes,5000 mAh,180 g,1 Year,4.1,3.6,3.9,3.9,3.9
120,"Infinix Smart 6 HD (Force Black, 32 GB)  (2 GB RAM)","₹5,799",Smart 6 HD,Aqua Sky,Dual Sim,Yes,16.76 cm (6.6 inch),1600 x720 Pixels,Android 11,Quad Core,2 GHz,32 GB,2 GB,Yes,Speaker Phone,Yes,5MP Front Camera,Yes,"4G, 3G, 2G",Yes,Yes,3.5mm,Yes,5000 mAh,180 g,1 Year,4.3,3.7,4.2,4.1,4.1
121,"Infinix Smart 6 HD (Origin Blue, 32 GB)  (2 GB RAM)","₹5,799",Smart 6 HD,Aqua Sky,Dual Sim,Yes,16.76 cm (6.6 inch),1600 x720 Pixels,Android 11,Quad Core,2 GHz,32 GB,2 GB,Yes,Speaker Phone,Yes,5MP Front Camera,Yes,"4G, 3G, 2G",Yes,Yes,3.5mm,Yes,5000 mAh,180 g,1 Year,4.3,3.7,4.2,4.1,4.1
122,"realme 10 Pro+ 5G (Hyperspace, 128 GB)  (8 GB RAM)","₹25,999",Smart 6 HD,Aqua Sky,Dual Sim,Yes,16.76 cm (6.6 inch),1600 x720 Pixels,Android 11,Quad Core,2 GHz,32 GB,2 GB,Yes,Speaker Phone,Yes,5MP Front Camera,Yes,"4G, 3G, 2G",Yes,Yes,3.5mm,Yes,5000 mAh,180 g,1 Year,4.5,4.1,4.2,4.6,4.5
123,"Infinix HOT 20 Play (Aurora Green, 64 GB)  (4 GB RAM)","₹8,299",HOT 20 Play,Racing Black,Dual Sim,Yes,17.32 cm (6.82 inch),720 X 1640 Pixels,Android 12,Octa Core,2.3 GHz,64 GB,4 GB,Yes,13Mp + AI Lens,Yes,8MP Front Camera,Yes,"4G, 3G, 2G",Yes,Yes,3.5mm,Yes,6000 mAh,210 g,1 Year,4.4,3.6,4.3,4.0,4.1
124,"REDMI A1+ (Black, 32 GB)  (2 GB RAM)","₹6,499",HOT 20 Play,Racing Black,Dual Sim,Yes,17.32 cm (6.82 inch),720 X 1640 Pixels,Android 12,Octa Core,2.3 GHz,64 GB,4 GB,Yes,Call Wait/Hold,Yes,8MP Front Camera,Yes,"4G, 3G, 2G",Yes,Yes,3.5mm,Yes,6000 mAh,210 g,1 Year,4.2,3.2,3.9,3.8,3.7
125,"POCO M4 5G (Yellow, 64 GB)  (4 GB RAM)","₹11,999",HOT 20 Play,Racing Black,Dual Sim,Yes,17.32 cm (6.82 inch),720 X 1640 Pixels,Android 12,Octa Core,2.3 GHz,64 GB,4 GB,Yes,Speaker Phone,Yes,8MP Front Camera,Yes,"4G, 3G, 2G",Yes,Yes,3.5mm,Yes,6000 mAh,210 g,1 Year,4.2,3.5,3.9,3.8,3.9
126,"IQOO Z6 Lite 5G (With Charger) (Stellar Green, 128 GB)  (6 GB RAM)","₹16,799",HOT 20 Play,Racing Black,Dual Sim,Yes,17.32 cm (6.82 inch),720 X 1640 Pixels,Android 12,Octa Core,2.3 GHz,64 GB,4 GB,Yes,Network Type,Yes,8MP Front Camera,Yes,"4G, 3G, 2G",Yes,Yes,3.5mm,Yes,6000 mAh,210 g,1 Year,4.3,0.0,0.0,0.0,0.0
127,"Infinix HOT 20 Play (Fantasy Purple, 64 GB)  (4 GB RAM)","₹8,299",HOT 20 Play,Fantasy Purple,Dual Sim,Yes,17.32 cm (6.82 inch),720 X 1640 Pixels,Android 12,Octa Core,2.3 GHz,64 GB,4 GB,Yes,13Mp + AI Lens,Yes,8MP Front Camera,Yes,"4G, 3G, 2G",Yes,Yes,3.5mm,Yes,6000 mAh,210 g,1 Year,4.4,3.6,4.3,4.0,4.1
128,"REDMI Note 12 (Sunrise Gold, 64 GB)  (6 GB RAM)","₹14,999",Note 12,Sunrise Gold,Dual Sim,Yes,16.94 cm (6.67 inch),2400 x 1080 Pixels,Android 13,Octa Core,2.8 GHz,64 GB,6 GB,Yes,50MP + 8MP + 2MP,Yes,13MP Front Camera,Yes,"2G, 3G, 4G, 4G VOLTE",Yes,Yes,3.5mm,Yes,5000 mAh,186 g,1 Year,4.2,3.3,4.1,4.2,4.5
129,"Micromax IN 2C (Silver, 32 GB)  (3 GB RAM)","₹5,999",IN 2C,Silver,Dual Sim,Yes,16.56 cm (6.52 inch),1600 x 720 Pixel,Android 11,Octa Core,1.8 GHz,32 GB,3 GB,Yes,8MP Rear Camera,Yes,5MP Front Camera,Yes,"4G, 3G, 2G",Yes,Yes,3.5mm,Yes,5000 mAh,198 g,1 Year,4.1,3.3,4.0,3.9,4.0
130,"Infinix NOTE 12i (Alpine White, 64 GB)  (4 GB RAM)","₹9,999",NOTE 12i,Alpine White,Dual Sim,Yes,17.02 cm (6.7 inch),2400 x 1080 Pixels,Android 12,Octa Core,2 GHz,64 GB,4 GB,Yes,50 MP + 2 MP + QVGA,Yes,8MP Front Camera,Yes,"4G, 3G, 2G",Yes,Yes,3.5mm,Yes,5000 mAh,188 g,1 Year,4.3,3.9,4.2,4.3,4.4
131,"POCO C31 (Royal Blue, 32 GB)  (3 GB RAM)","₹8,499",C31,Royal Blue,Dual Sim,Yes,16.59 cm (6.53 inch),1600 x 720 Pixels,Android 10,Octa Core,2.3 GHz,32 GB,3 GB,Yes,13MP + 2MP + 2MP,Yes,5MP Front Camera,Yes,"4G, 3G, 2G",Yes,Yes,3.5mm,Yes,5000 mAh,194 g,1 Year,4.3,3.5,4.1,3.9,4.0
132,"POCO M4 Pro (Power Black, 128 GB)  (8 GB RAM)","₹14,999",M4 Pro,Power Black,Dual Sim,Yes,16.33 cm (6.43 inch),2400 x 1080 Pixels,Android 11,Octa Core,2.05 GHz,128 GB,8 GB,Yes,64MP + 8MP + 2MP,Yes,16MP Front Camera,Yes,"4G, 3G, 2G",Yes,Yes,3.5mm,Yes,5000 mAh,179.5 g,1 Year,4.3,3.9,4.0,4.2,4.1
133,"MOTOROLA G62 5G (Frosted Blue, 128 GB)  (8 GB RAM)","₹16,999",G62 5G,Frosted Blue,Dual Sim,Yes,16.64 cm (6.55 inch),2400 x 1080 Pixels,Android 12,Octa Core,2.2 GHz,128 GB,8 GB,Yes,50MP + 8MP + 2MP,Yes,16MP Front Camera,Yes,"5G, 4G, 3G, 2G",Yes,Yes,3.5mm,Yes,5000 mAh,184 g,1 Year,4.1,3.5,3.9,4.0,4.0
134,"POCO M4 Pro (Cool Blue, 128 GB)  (8 GB RAM)","₹14,999",M4 Pro,Cool Blue,Dual Sim,Yes,16.33 cm (6.43 inch),2400 x 1080 Pixels,Android 11,Octa Core,2.05 GHz,128 GB,8 GB,Yes,64MP + 8MP + 2MP,Yes,16MP Front Camera,Yes,"4G, 3G, 2G",Yes,Yes,3.5mm,Yes,5000 mAh,179.5 g,1 Year,4.3,3.9,4.0,4.2,4.1
135,Micromax J22  (Ocean Green),"₹1,150",J22,Ocean Green,Dual Sim,No,6.1 cm (2.4 inch),240x320$$Pixels,Android 11,Octa Core,1.8 MHz,32 MB,32 MB,Yes,64MP + 8MP + 2MP,Yes,16MP Front Camera,Yes,2G,Yes,Yes,3.5mm,Yes,1000 mAh,179.5 g,1 Year,3.9,2.6,3.7,3.7,3.7
136,"REDMI Note 12 Pro 5G (Stardust Purple, 128 GB)  (6 GB RAM)","₹24,999",Note 12 Pro 5G,Stardust Purple,Dual Sim,Yes,16.94 cm (6.67 inch),2400 x 1080 Pixels,Android 12,Octa Core,2.6 GHz,128 GB,6 GB,Yes,50MP (OIS) + 8MP + 2MP,Yes,16MP Front Camera,Yes,"5G, 4G VOLTE, 4G, 3G, 2G",Yes,Yes,3.5 mm,Yes,5000 mAh,187 g,1 Year,4.3,4.0,4.1,4.4,4.3
137,"realme 9i 5G (Soulful Blue, 128 GB)  (6 GB RAM)","₹16,999",9i 5G,Soulful Blue,Dual Sim,Yes,16.76 cm (6.6 inch),2408 x 1080 Pixels,Android 12,Octa Core,2.4 GHz,128 GB,6 GB,Yes,50MP + 2MP + 2MP,Yes,8MP Front Camera,Yes,"5G, 4G, 3G, 2G",Yes,Yes,3.5mm,Yes,5000 mAh,187 g,1 Year,4.3,3.9,4.1,4.1,4.2
138,"Infinix NOTE 12i (Metaverse Blue, 64 GB)  (4 GB RAM)","₹9,999",NOTE 12i,Metaverse Blue,Dual Sim,Yes,17.02 cm (6.7 inch),2400 x 1080 Pixels,Android 12,Octa Core,2 GHz,64 GB,4 GB,Yes,50 MP + 2 MP + QVGA,Yes,8MP Front Camera,Yes,"4G, 3G, 2G",Yes,Yes,3.5mm,Yes,5000 mAh,188 g,1 Year,4.3,3.9,4.2,4.3,4.4
139,"MOTOROLA g73 5G (Lucent White, 128 GB)  (8 GB RAM)","₹18,999",g73 5G,Lucent White,Dual Sim,Yes,16.51 cm (6.5 inch),2400 x 1080 Pixels,Android 13,Octa Core,2.2 GHz,128 GB,8 GB,Yes,50MP + 8MP,Yes,16MP Front Camera,Yes,"2G, 3G, 4G, 5G",Yes,Yes,3.5mm,Yes,5000 mAh,181 g,1 Year,4,3.6,3.7,4.0,4.1
140,"MOTOROLA G40 Fusion (Dynamic Gray, 64 GB)  (4 GB RAM)","₹10,999",G40 Fusion,Dynamic Gray,Dual Sim,Yes,17.22 cm (6.78 inch),2460 x 1080 Pixels,Android 11,Octa Core,2.3 GHz,64 GB,4 GB,Yes,64MP + 8MP + 2MP,Yes,16MP Front Camera,Yes,"4G, 3G, 2G",Yes,Yes,3.5mm,Yes,6000 mAh,220 g,1 Year,4.2,3.8,4.3,4.1,4.0
141,"Micromax IN 2C (Brown, 32 GB)  (3 GB RAM)","₹5,999",IN 2C,Brown,Dual Sim,Yes,16.56 cm (6.52 inch),1600 x 720 Pixel,Android 11,Octa Core,1.8 GHz,32 GB,3 GB,Yes,8MP Rear Camera,Yes,5MP Front Camera,Yes,"4G, 3G, 2G",Yes,Yes,3.5mm,Yes,5000 mAh,198 g,1 Year,4.1,3.3,4.0,3.9,4.0
142,SAMSUNG Guru Music 2  (White),"₹2,190",Guru Music 2,White,Dual Sim,No,5.08 cm (2 inch),128 x 160 Pixels,1,Single Core,208 MHz,,3 GB,No,8MP Rear Camera,No,0MP Front Camera,No,2G,Yes,No,3.5,No,800 mAh,74.98 g,0,4.3,2.9,4.1,3.9,4.0
143,Micromax X412  (Black&Red),₹932,X412,Black&Red,Dual Sim,No,4.5 cm (1.77 inch),320 x 240$$Pixels,1,Single Core,1 MHz,32 MB,32 MB,No,8MP Rear Camera,No,0MP Front Camera,No,2G,Yes,No,3.5,No,800 mAh,74.98 g,0,3.9,2.5,3.5,3.3,3.6
144,Nokia 105 ss  (Black),"₹1,460",105 ss,Black,Single Sim,No,4.57 cm (1.8 inch),320 x 240 Pixels,1,Single Core,1 MHz,4 MB,4 MB,No,8MP Rear Camera,No,0MP Front Camera,No,2G,Yes,No,3.5,No,800 mAh,74.98 g,1 Year,4.3,2.7,4.1,3.8,4.1
145,"MOTOROLA G32 (Satin Silver, 64 GB)  (4 GB RAM)","₹10,499",G32,Satin Silver,Dual Sim,Yes,16.64 cm (6.55 inch),2400 x 1080 Pixels,Android 12,Octa Core,2.4 GHz,64 GB,4 GB,Yes,50MP + 8MP + 2MP,Yes,16MP Front Camera,Yes,"4G, 3G, 2G",Yes,Yes,Yes,Yes,5000 mAh,184 g,1 Year,4.2,3.6,4.2,4.1,4.2
146,,0,G32,Satin Silver,Dual Sim,Yes,16.64 cm (6.55 inch),2400 x 1080 Pixels,Android 12,Octa Core,2.4 GHz,64 GB,4 GB,Yes,50MP + 8MP + 2MP,Yes,16MP Front Camera,Yes,"4G, 3G, 2G",Yes,Yes,Yes,Yes,5000 mAh,184 g,1 Year,0.0,0.0,0.0,0.0,0.0
147,"realme 9i 5G (Rocking Black, 64 GB)  (4 GB RAM)","₹14,999",9i 5G,Rocking Black,Dual Sim,Yes,16.76 cm (6.6 inch),2408 x 1080 Pixels,Android 12,Octa Core,2.4 GHz,64 GB,4 GB,Yes,50MP + 2MP + 2MP,Yes,8MP Front Camera,Yes,"5G, 4G, 3G, 2G",Yes,Yes,3.5mm,Yes,5000 mAh,187 g,1 Year,4.5,3.9,4.1,4.1,4.3
148,"POCO M4 5G (Yellow, 128 GB)  (6 GB RAM)","₹13,999",M4 5G,Yellow,Dual Sim,Yes,16.71 cm (6.58 inch),2400 x 1080 Pixels,Android 12,Octa Core,2.2 GHz,128 GB,6 GB,Yes,50MP + 2MP,Yes,8MP Front Camera,Yes,"5G, 4G, 3G, 2G",Yes,Yes,3.5mm,Yes,5000 mAh,200 g,1 Year,4.2,3.5,3.9,3.8,3.9
149,itel It2171  (City Blue),₹999,It2171,City Blue,Dual Sim,No,4.57 cm (1.8 inch),320 x 240$$Pixels,Android 12,Octa Core,1 MHz,32 MB,32 MB,Yes,0.3MP Rear Camera,Yes,8MP Front Camera,Yes,2G,Yes,Yes,3.5mm,Yes,1000 mAh,200 g,1 Year,4.1,2.9,3.7,3.6,3.9
150,Nokia 105SS PLUS  (Red),"₹1,401",105SS PLUS,Red,Single Sim,No,4.5 cm (1.77 inch),160 x 128$$pixel,Symbian,Octa Core,0.208 GHz,32 MB,32 MB,No,0.3MP Rear Camera,No,0MP Front Camera,No,2G,No,No,3.5mm,No,1000 mAh,51 g,1 Year,4,3.0,3.4,3.5,3.6
151,Micromax J22  (Purple),"₹1,165",J22,Purple,Dual Sim,No,6.1 cm (2.4 inch),240x320$$Pixels,Symbian,Octa Core,1.8 MHz,32 MB,32 MB,No,0.3MP Rear Camera,No,0MP Front Camera,No,2G,No,No,3.5mm,No,1000 mAh,51 g,1 Year,3.9,2.6,3.7,3.7,3.7
152,"Infinix HOT 20 5G (Space Blue, 64 GB)  (4 GB RAM)","₹11,499",J22,Purple,Dual Sim,No,6.1 cm (2.4 inch),240x320$$Pixels,Symbian,Octa Core,1.8 MHz,32 MB,32 MB,No,0.3MP Rear Camera,No,0MP Front Camera,No,2G,No,No,3.5mm,No,1000 mAh,51 g,1 Year,4.2,3.6,3.8,3.9,3.9
153,"Infinix HOT 20 5G (Blaster Green, 64 GB)  (4 GB RAM)","₹11,499",HOT 20 5G,Blaster Green,Dual Sim,Yes,16.76 cm (6.6 inch),1080 x 2408 Pixels,Android 12,Octa Core,2.4 GHz,64 GB,4 GB,Yes,50MP + AI Lens,Yes,8MP Front Camera,No,"5G, 4G, 3G, 2G",Yes,Yes,3.5mm,Yes,5000 mAh,204 g,1 Year,4.2,3.6,3.8,3.9,3.9
154,itel It2171  (Elegant Black),₹999,It2171,Elegant Black,Dual Sim,No,4.57 cm (1.8 inch),320 x 240$$Pixels,Android 12,Octa Core,1 MHz,32 MB,32 MB,Yes,0.3MP Rear Camera,Yes,8MP Front Camera,No,2G,Yes,Yes,3.5mm,Yes,1000 mAh,204 g,1 Year,4.1,2.9,3.7,3.6,3.9
155,LAVA A3  (WHITE BEIGE PA),"₹1,309",A3,WHITE BEIGE PA,Dual Sim,No,4.5 cm (1.77 inch),128 x 160$$Pixels,Android 12,Octa Core,1 MHz,0 GB,32 MB,Yes,0.3MP Rear Camera,Yes,0.3MP Front Camera,No,2G,Yes,No,3.5 mm,No,1750 mAh,109 g,1 Year,4.2,3.0,4.1,3.8,4.1
156,"realme 9i 5G (Rocking Black, 128 GB)  (6 GB RAM)","₹16,999",9i 5G,Rocking Black,Dual Sim,Yes,16.76 cm (6.6 inch),2408 x 1080 Pixels,Android 12,Octa Core,2.4 GHz,128 GB,6 GB,Yes,50MP + 2MP + 2MP,Yes,8MP Front Camera,Yes,"5G, 4G, 3G, 2G",Yes,,3.5mm,Yes,5000 mAh,187 g,1 Year,4.3,3.9,4.1,4.1,4.2
157,"realme 9i 5G (Metallica Gold, 64 GB)  (4 GB RAM)","₹14,999",9i 5G,Metallica Gold,Dual Sim,Yes,16.76 cm (6.6 inch),2408 x 1080 Pixels,Android 12,Octa Core,2.4 GHz,64 GB,4 GB,Yes,50MP + 2MP + 2MP,Yes,8MP Front Camera,Yes,"5G, 4G, 3G, 2G",Yes,,3.5mm,Yes,5000 mAh,187 g,1 Year,4.5,3.9,4.1,4.1,4.3
158,"realme 9i 5G (Soulful Blue, 64 GB)  (4 GB RAM)","₹14,999",9i 5G,Soulful Blue,Dual Sim,Yes,16.76 cm (6.6 inch),2408 x 1080 Pixels,Android 12,Octa Core,2.4 GHz,64 GB,4 GB,Yes,50MP + 2MP + 2MP,Yes,8MP Front Camera,Yes,"5G, 4G, 3G, 2G",Yes,,3.5mm,Yes,5000 mAh,187 g,1 Year,4.5,3.9,4.1,4.1,4.3
159,itel MagicX Pro (4G Hotspot)  (Black),"₹2,649",MagicX Pro (4G Hotspot),Black,Dual Sim,No,6.1 cm (2.4 inch),320 x 240 Pixels,RTOS,Octa Core,1 GHz,128 MB,64 MB,Yes,0.3MP Rear Camera,Yes,8MP Front Camera,Yes,4G,Yes,Yes,3.5mm,Yes,2500 mAh,187 g,1 Year,3.9,2.5,3.9,3.6,3.9
160,"SAMSUNG Galaxy F14 5G (B.A.E. Purple, 128 GB)  (4 GB RAM)","₹14,490",Galaxy F14 5G,B.A.E. Purple,Dual Sim,Yes,16.76 cm (6.6 inch),2408 x 1080 Pixels,Android 13,Octa Core,2.4 GHz,128 GB,4 GB,Yes,50MP + 2MP,Yes,13MP Front Camera,Yes,"2G, 3G, 4G, 5G",Yes,Yes,3.5mm,Yes,6000 mAh,205 g,1 Year,4.2,3.7,4.4,3.9,3.7
161,SAMSUNG Guru Music 2  (White),"₹2,098",Guru Music 2,White,Dual Sim,No,5.08 cm (2 inch),128 x 160$$Pixels,1,Single Core,208 MHz,,4 GB,No,50MP + 2MP,No,0MP Front Camera,No,2G,Yes,No,3.5,No,800 mAh,74.98 g,0,4.3,2.9,4.1,3.9,4.0
162,"POCO M4 Pro (Power Black, 128 GB)  (6 GB RAM)","₹12,999",M4 Pro,Power Black,Dual Sim,Yes,16.33 cm (6.43 inch),2400 x 1080 Pixels,Android 11,Octa Core,2.05 GHz,128 GB,6 GB,Yes,64MP + 8MP + 2MP,Yes,16MP Front Camera,Yes,"4G, 3G, 2G",Yes,Yes,3.5mm,Yes,5000 mAh,179.5 g,1 Year,4.3,3.9,4.1,4.3,4.1
163,,0,M4 Pro,Power Black,Dual Sim,Yes,16.33 cm (6.43 inch),2400 x 1080 Pixels,Android 11,Octa Core,2.05 GHz,128 GB,6 GB,Yes,64MP + 8MP + 2MP,Yes,16MP Front Camera,Yes,"4G, 3G, 2G",Yes,Yes,3.5mm,Yes,5000 mAh,179.5 g,1 Year,0.0,0.0,0.0,0.0,0.0
164,LAVA Gem  (Blue Gold DS),"₹1,749",Gem,Blue Gold DS,Dual Sim,No,7.11 cm (2.8 inch),320 x 240$$pixel,Android 11,Octa Core,1.2 MHz,32 MB,32 MB,Yes,1.3MP Rear Camera,Yes,16MP Front Camera,Yes,2G,Yes,Yes,3.5mm,Yes,1750 mAh,110 g,1 Year,4.2,3.0,4.0,3.9,4.0
165,Nokia 150 DS 2020  (Red),"₹2,499",150 DS 2020,Red,Dual Sim,No,6.1 cm (2.4 inch),320 x 240 Pixels,Series 30+,Octa Core,1.2 MHz,4 MB,4 MB,Yes,0.3MP Rear Camera,Yes,16MP Front Camera,No,2G,Yes,No,3.5mm,No,1020 mAh,90.5 g,1 Year,4.1,3.1,3.6,3.7,3.7
166,Micromax X413  (Black),₹989,X413,Black,Dual Sim,No,4.5 cm (1.77 inch),240 x 320$$pixel,Series 30+,Single Core,1 MHz,32 MB,32 MB,Yes,0.3MP Rear Camera,Yes,16MP Front Camera,No,2G,Yes,No,3.5mm,No,800 mAh,90.5 g,1 Year,4,2.9,3.6,3.5,3.7
167,Micromax X412  (Blue),₹965,X412,Blue,Dual Sim,No,4.5 cm (1.77 inch),240x320,Series 30+,Single Core,1 MHz,32 MB,32 MB,Yes,0.3MP Rear Camera,Yes,16MP Front Camera,No,2G,Yes,No,3.5mm,No,800 mAh,90.5 g,1 Year,3.9,2.5,3.5,3.3,3.6
168,"vivo V27 5G (Noble Black, 128 GB)  (8 GB RAM)","₹32,999",V27 5G,Noble Black,Dual Sim,Yes,17.22 cm (6.78 Inch),2400 × 1080 Pixels,Android 13,Octa Core,2.8 GHz,128 GB,8 GB,Yes,50MP (OIS) + 8MP + 2MP,Yes,50MP Front Camera,No,"5G, 4G, 3G, 2G",Yes,Yes,3.5mm,Yes,4600 mAh,180 g,1 Year,4.4,4.5,4.1,4.7,4.7
169,LAVA GEM  (Gold Black DS),"₹1,610",GEM,Gold Black DS,Dual Sim,No,7.11 cm (2.8 inch),320x240 Pixels,Android 13,Octa Core,1.2 MHz,0 MB,8 GB,Yes,1.3MP Rear Camera,No,50MP Front Camera,Yes,2G,Yes,No,3.5 mm,No,1750 mAh,180 g,1 Year,4.2,2.9,4.1,3.9,4.0
170,Nokia 125 TA-1253 DS  (White),"₹2,099",125 TA-1253 DS,White,Dual Sim,No,6.1 cm (2.4 inch),320 x 240 Pixels,Series 30+,Octa Core,1.2 MHz,4 MB,4 MB,No,1.3MP Rear Camera,No,50MP Front Camera,No,2G,No,No,3.5mm,No,1020 mAh,91.3 g,1 Year,4,2.7,3.6,3.6,3.6
171,"POCO M5 (Yellow, 128 GB)  (6 GB RAM)","₹11,999",M5,Yellow,Dual Sim,Yes,16.71 cm (6.58 inch),2400 x 1080 Pixels,Android 12,Octa Core,2.2 GHz,128 GB,6 GB,Yes,50MP + 2MP Depth Sensor + 2MP Macro Sensor,Yes,8MP Front Camera,Yes,"4G, 3G, 2G",Yes,Yes,3.5mm,Yes,5000 mAh,201 g,1 Year,4.2,3.6,4.1,4.0,4.1
172,"OnePlus Nord CE 2 Lite 5G (Black Dusk, 128 GB)  (6 GB RAM)","₹19,131",Nord CE 2 Lite 5G,Black Dusk,Dual Sim,Yes,16.74 cm (6.59 inch),2412 x 1080 Pixels,Android 13,Octa Core,2.2 GHz,128 GB,6 GB,Yes,64MP Rear Camera,Yes,8MP Front Camera,Yes,5G,Yes,Yes,3.5mm,Yes,5000 mAh,201 g,1 Year,4.4,4.1,4.2,4.2,4.1
173,LAVA Hero 600i  (Blue),₹899,Hero 600i,Blue,Dual Sim,No,4.57 cm (1.8 inch),128*160,0,Octa Core,2.2 GHz,3 MB,4 MB,No,64MP Rear Camera,No,8MP Front Camera,No,2G,Yes,No,3.5mm,No,620 mAh,201 g,12 Months,4.1,3.1,3.8,4.0,4.0
174,Motorola a10  (Rose Gold),"₹1,424",a10,Rose Gold,Dual Sim,No,4.57 cm (1.8 inch),160 x 128 Pixels,0,Octa Core,2.2 GHz,0 MB,4 MB,No,64MP Rear Camera,No,8MP Front Camera,No,2G,Yes,No,3.5 mm,No,1750 mAh,81.9 g,2 Year,4.2,2.9,4.2,3.8,4.0
175,"vivo V27 5G (Magic Blue, 128 GB)  (8 GB RAM)","₹32,999",V27 5G,Magic Blue,Dual Sim,Yes,17.22 cm (6.78 Inch),2400 × 1080 Pixels,Android 13,Octa Core,2.8 GHz,128 GB,8 GB,Yes,50MP (OIS) + 8MP + 2MP,Yes,50MP Front Camera,No,"5G, 4G, 3G, 2G",Yes,Yes,3.5 mm,Yes,4600 mAh,180 g,1 Year,4.4,4.5,4.1,4.7,4.7
176,itel MagicX Pro (4G Hotspot)  (Blue),"₹2,647",MagicX Pro (4G Hotspot),Blue,Dual Sim,No,6.1 cm (2.4 inch),320 x 240 Pixels,RTOS,Octa Core,1 GHz,128 MB,64 MB,Yes,0.3MP Rear Camera,Yes,50MP Front Camera,No,4G,Yes,Yes,3.5 mm,Yes,2500 mAh,180 g,1 Year,3.9,2.5,3.9,3.6,3.9
177,"POCO M4 Pro (Yellow, 64 GB)  (6 GB RAM)","₹11,999",M4 Pro,Yellow,Dual Sim,Yes,16.33 cm (6.43 inch),2400 x 1080 Pixels,Android 11,Octa Core,2.05 GHz,64 GB,6 GB,Yes,64MP + 8MP + 2MP,Yes,16MP Front Camera,Yes,"4G, 3G, 2G",Yes,Yes,3.5mm,Yes,5000 mAh,179.5 g,1 Year,4.3,3.9,4.1,4.3,4.1
178,"OPPO A17 (Lake Blue, 64 GB)  (4 GB RAM)","₹12,499",A17,Lake Blue,Dual Sim,Yes,16.66 cm (6.56 inch),1612 x 720 Pixels,Android 12,Octa Core,2.3 GHz,64 GB,4 GB,Yes,50MP + 0.3MP + 0.3MP,Yes,5MP Front Camera,Yes,"4G VOLTE, 4G, 3G, 2G",Yes,Yes,3.5mm,Yes,5000 mAh,189 g,1 Year,4.4,3.9,4.2,4.2,4.3
179,LAVA Hero 600i  (Sapphire Blue),₹909,Hero 600i,Sapphire Blue,Dual Sim,No,4.57 cm (1.8 inch),128*160,0,Octa Core,2.3 GHz,3 MB,4 MB,Yes,50MP + 0.3MP + 0.3MP,Yes,5MP Front Camera,No,2G,Yes,No,3.5mm,No,620 mAh,189 g,12 Months,4.1,3.1,3.8,4.0,4.0
180,"REDMI 10A (Sea Blue, 32 GB)  (3 GB RAM)","₹8,490",10A,Sea Blue,Dual Sim,Yes,16.59 cm (6.53 inch),1600X700 Pixels,Android,Octa Core,2.2 MHz,32 GB,3 GB,,13MP Rear Camera,,,,4G VOLTE,,,,,5000 mAh,,,4.1,3.5,4.0,3.8,3.7
181,"OPPO A17k (Navy Blue, 64 GB)  (3 GB RAM)","₹9,499",A17k,Navy Blue,Dual Sim,Yes,16.66 cm (6.56 inch),1612 x 720 Pixels,Android 12,Octa Core,2.3 GHz,64 GB,3 GB,Yes,8MP Rear Camera,Yes,5MP Front Camera,Yes,"4G VOLTE, 4G, 3G, 2G",Yes,Yes,3.5mm,Yes,5000 mAh,189 g,1 Year,4.5,3.6,4.0,4.0,4.0
182,"OPPO A17k (Gold, 64 GB)  (3 GB RAM)","₹9,499",A17k,Gold,Dual Sim,Yes,16.66 cm (6.56 inch),1612 x 720 Pixels,Android 12,Octa Core,2.3 GHz,64 GB,3 GB,Yes,8MP Rear Camera,Yes,5MP Front Camera,Yes,"4G VOLTE, 4G, 3G, 2G",Yes,Yes,3.5mm,Yes,5000 mAh,189 g,1 Year,4.5,3.6,4.0,4.0,4.0
183,"APPLE iPhone 14 (Midnight, 128 GB)","₹71,999",iPhone 14,Midnight,Dual Sim(Nano + eSIM),Yes,15.49 cm (6.1 inch),2532 x 1170 Pixels,iOS 16,Hexa Core,2.3 GHz,128 GB,3 GB,Yes,12MP + 12MP,Yes,12MP Front Camera,Yes,"5G, 4G VOLTE, 4G, 3G, 2G",Yes,Yes,3.5mm,Yes,5000 mAh,172 g,1 Year,4.6,4.6,4.4,4.6,4.6
184,"POCO X5 5G (Jaguar Black, 128 GB)  (6 GB RAM)","₹16,999",X5 5G,Jaguar Black,Dual Sim,Yes,16.94 cm (6.67 inch),2400 x 1080 Pixels,Android 12,Octa Core,2.2 GHz,128 GB,6 GB,Yes,48MP + 8MP + 2MP,Yes,13MP Front Camera,Yes,"2G, 3G, 4G, 4G VOLTE, 5G",Yes,Yes,3.5mm,Yes,5000 mAh,188 g,1 Year,4.2,3.3,4.2,4.3,4.0
185,"realme 9i 5G (Metallica Gold, 64 GB)  (4 GB RAM)","₹14,999",9i 5G,Metallica Gold,Dual Sim,Yes,16.76 cm (6.6 inch),2408 x 1080 Pixels,Android 12,Octa Core,2.4 GHz,64 GB,4 GB,Yes,50MP + 2MP + 2MP,Yes,8MP Front Camera,Yes,"5G, 4G, 3G, 2G",Yes,Yes,3.5mm,Yes,5000 mAh,187 g,1 Year,4.5,3.9,4.1,4.1,4.3
186,"REDMI 10A (Charcoal Black, 64 GB)  (4 GB RAM)","₹8,694",10A,Charcoal Black,Dual Sim,Yes,16.59 cm (6.53 inch),1600X700 Pixels,Android,Octa Core,2.2 GHz,64 GB,4 GB,Yes,13MP Rear Camera,Yes,8MP Front Camera,Yes,4G VOLTE,Yes,Yes,3.5mm,Yes,5000 mAh,187 g,1 Year,4.2,3.5,3.9,3.8,3.8
187,"realme 9i 5G (Soulful Blue, 64 GB)  (4 GB RAM)","₹14,999",9i 5G,Soulful Blue,Dual Sim,Yes,16.76 cm (6.6 inch),2408 x 1080 Pixels,Android 12,Octa Core,2.4 GHz,64 GB,4 GB,Yes,50MP + 2MP + 2MP,Yes,8MP Front Camera,Yes,"5G, 4G, 3G, 2G",Yes,Yes,3.5mm,Yes,5000 mAh,187 g,1 Year,4.5,3.9,4.1,4.1,4.3
188,"realme 9i 5G (Rocking Black, 128 GB)  (6 GB RAM)","₹16,999",9i 5G,Rocking Black,Dual Sim,Yes,16.76 cm (6.6 inch),2408 x 1080 Pixels,Android 12,Octa Core,2.4 GHz,128 GB,6 GB,Yes,50MP + 2MP + 2MP,Yes,8MP Front Camera,Yes,"5G, 4G, 3G, 2G",Yes,Yes,3.5mm,Yes,5000 mAh,187 g,1 Year,4.3,3.9,4.1,4.1,4.2
189,"POCO X5 5G (Wildcat Blue, 128 GB)  (6 GB RAM)","₹16,999",X5 5G,Wildcat Blue,Dual Sim,Yes,16.94 cm (6.67 inch),2400 x 1080 Pixels,Android 12,Octa Core,2.2 GHz,128 GB,6 GB,Yes,48MP + 8MP + 2MP,Yes,13MP Front Camera,Yes,"2G, 3G, 4G, 4G VOLTE, 5G",Yes,Yes,3.5mm,Yes,5000 mAh,188 g,1 Year,4.2,3.3,4.2,4.3,4.0
190,Micromax X412  (Black&Red),₹932,X412,Black&Red,Dual Sim,No,4.5 cm (1.77 inch),320 x 240$$Pixels,Android 12,Octa Core,1 MHz,32 MB,32 MB,Yes,48MP + 8MP + 2MP,Yes,13MP Front Camera,Yes,2G,Yes,Yes,3.5mm,Yes,800 mAh,188 g,1 Year,3.9,2.5,3.5,3.3,3.6
191,itel It2171  (Elegant Black),₹999,It2171,Elegant Black,Dual Sim,No,4.57 cm (1.8 inch),320 x 240$$Pixels,Android 12,Octa Core,1 MHz,32 MB,32 MB,Yes,0.3MP Rear Camera,Yes,13MP Front Camera,Yes,2G,Yes,Yes,3.5mm,Yes,1000 mAh,188 g,1 Year,4.1,2.9,3.7,3.6,3.9
192,itel It2171  (City Blue),₹999,It2171,City Blue,Dual Sim,No,4.57 cm (1.8 inch),320 x 240$$Pixels,Android 12,Octa Core,1 MHz,32 MB,32 MB,Yes,0.3MP Rear Camera,Yes,13MP Front Camera,Yes,2G,Yes,Yes,3.5mm,Yes,1000 mAh,188 g,1 Year,4.1,2.9,3.7,3.6,3.9
193,Kechaoda K66 The Music House 4  (Black),"₹1,210",K66 The Music House 4,Black,Dual Sim,No,4.57 cm (1.8 inch),320 x 480$$Pixels,0,Octa Core,1 MHz,64 MB,32 MB,Yes,1.3MP Rear Camera,No,13MP Front Camera,Yes,2G,Yes,Yes,3.5mm,Yes,400 mAh,188 g,1 Year,3.9,2.7,3.0,3.3,3.5
194,"POCO X5 5G (Supernova Green, 128 GB)  (6 GB RAM)","₹16,999",X5 5G,Supernova Green,Dual Sim,Yes,16.94 cm (6.67 inch),2400 x 1080 Pixels,Android 12,Octa Core,2.2 GHz,128 GB,6 GB,Yes,48MP + 8MP + 2MP,Yes,13MP Front Camera,Yes,"2G, 3G, 4G, 4G VOLTE, 5G",Yes,Yes,3.5mm,Yes,5000 mAh,188 g,1 Year,4.2,3.3,4.2,4.3,4.0
195,"POCO X5 5G (Jaguar Black, 256 GB)  (8 GB RAM)","₹18,999",X5 5G,Jaguar Black,Dual Sim,Yes,16.94 cm (6.67 inch),2400 x 1080 Pixels,Android 12,Octa Core,2.2 GHz,256 GB,8 GB,Yes,48MP + 8MP + 2MP,Yes,13MP Front Camera,Yes,"2G, 3G, 4G, 4G VOLTE, 5G",Yes,Yes,3.5mm,Yes,5000 mAh,188 g,1 Year,4.2,3.1,3.9,4.0,3.8
196,"SAMSUNG Galaxy M33 5G (Emarld Brown, 128 GB)  (6 GB RAM)","₹16,076",Galaxy M33 5G,Emarld Brown,Dual Sim,Yes,16.76 cm (6.6 inch),1080x2400 Pixels,Android 12,Octa Core,2.4 GHz,128 GB,6 GB,Yes,50MP Rear Camera,Yes,13MP Front Camera,Yes,5G,Yes,Yes,3.5mm,Yes,6000 mAh,188 g,1 Year,4.2,3.8,4.1,4.0,3.9
197,"vivo V27 5G (Noble Black, 128 GB)  (8 GB RAM)","₹32,999",V27 5G,Noble Black,Dual Sim,Yes,17.22 cm (6.78 Inch),2400 × 1080 Pixels,Android 13,Octa Core,2.8 GHz,128 GB,8 GB,Yes,50MP (OIS) + 8MP + 2MP,Yes,50MP Front Camera,Yes,"5G, 4G, 3G, 2G",Yes,Yes,3.5mm,Yes,4600 mAh,180 g,1 Year,4.4,4.5,4.1,4.7,4.7
198,,0,V27 5G,Noble Black,Dual Sim,Yes,17.22 cm (6.78 Inch),2400 × 1080 Pixels,Android 13,Octa Core,2.8 GHz,128 GB,8 GB,Yes,50MP (OIS) + 8MP + 2MP,Yes,50MP Front Camera,Yes,"5G, 4G, 3G, 2G",Yes,Yes,3.5mm,Yes,4600 mAh,180 g,1 Year,0.0,0.0,0.0,0.0,0.0
199,"Infinix HOT 20 5G (Racing Black, 64 GB)  (4 GB RAM)","₹11,499",M4 Pro,Yellow,Dual Sim,Yes,16.33 cm (6.43 inch),2400 x 1080 Pixels,Android 11,Octa Core,2.05 GHz,64 GB,6 GB,Yes,64MP + 8MP + 2MP,Yes,16MP Front Camera,Yes,"4G, 3G, 2G",Yes,Yes,3.5mm,Yes,5000 mAh,179.5 g,1 Year,4.2,3.6,3.8,3.9,3.9
200,Micromax X412  (Blue),₹964,M4 Pro,Yellow,Dual Sim,Yes,16.33 cm (6.43 inch),2400 x 1080 Pixels,Android 11,Octa Core,2.05 GHz,64 GB,6 GB,Yes,64MP + 8MP + 2MP,Yes,16MP Front Camera,Yes,"4G, 3G, 2G",Yes,Yes,3.5mm,Yes,5000 mAh,179.5 g,1 Year,3.9,2.5,3.5,3.3,3.6
201,"vivo V27 5G (Magic Blue, 128 GB)  (8 GB RAM)","₹32,999",V27 5G,Magic Blue,Dual Sim,Yes,17.22 cm (6.78 Inch),2400 × 1080 Pixels,Android 13,Octa Core,2.8 GHz,128 GB,8 GB,Yes,50MP (OIS) + 8MP + 2MP,Yes,50MP Front Camera,,"5G, 4G, 3G, 2G",Yes,Yes,,Yes,4600 mAh,180 g,1 Year,4.4,4.5,4.1,4.7,4.7
202,"REDMI Note 12 (Lunar Black, 64 GB)  (6 GB RAM)","₹14,999",Note 12,Lunar Black,Dual Sim,Yes,16.94 cm (6.67 inch),2400 x 1080 Pixels,Android 13,Octa Core,2.8 GHz,64 GB,6 GB,Yes,50MP + 8MP + 2MP,Yes,13MP Front Camera,Yes,"2G, 3G, 4G, 4G VOLTE",Yes,Yes,3.5mm,Yes,5000 mAh,186 g,1 Year,4.2,3.3,4.1,4.2,4.5
203,Nokia 150 DS 2020  (Red),"₹2,499",150 DS 2020,Red,Dual Sim,No,6.1 cm (2.4 inch),320 x 240 Pixels,Series 30+,Octa Core,2.8 GHz,4 MB,4 MB,Yes,0.3MP Rear Camera,Yes,13MP Front Camera,No,2G,Yes,No,3.5mm,No,1020 mAh,90.5 g,1 Year,4.1,3.1,3.6,3.7,3.7
204,"MOTOROLA g82 5G (White Lily, 128 GB)  (8 GB RAM)","₹21,499",g82 5G,White Lily,Dual Sim,Yes,16.76 cm (6.6 inch),2400x1080 Pixels,Android 12,Octa Core,2.2 GHz,128 GB,8 GB,Yes,50MP + 8MP + 2MP,Yes,16MP Front Camera,Yes,"5G, 4G, 3G, 2G",Yes,Yes,Yes,Yes,5000 mAh,173 g,1 Year,4.1,3.5,4.1,4.3,4.0
205,"vivo T1X (Space Blue, 64 GB)  (4 GB RAM)","₹11,999",T1X,Space Blue,Dual Sim,Yes,16.71 cm (6.58 inch),2408 x 1080 Pixels,Android 12,Octa Core,2.4 GHz,64 GB,4 GB,Yes,50MP + 2MP,Yes,8MP Front Camera,Yes,"4G, 3G, 2G",Yes,Yes,Yes,Yes,5000 mAh,182 g,1 Year,4.5,4.0,4.3,4.2,4.3
206,"vivo T1X (Gravity Black, 64 GB)  (4 GB RAM)","₹11,999",T1X,Gravity Black,Dual Sim,Yes,16.71 cm (6.58 inch),2408 x 1080 Pixels,Android 12,Octa Core,2.4 GHz,64 GB,4 GB,Yes,50MP + 2MP,Yes,8MP Front Camera,Yes,"4G, 3G, 2G",Yes,Yes,Yes,Yes,5000 mAh,182 g,1 Year,4.5,4.0,4.3,4.2,4.3
207,"vivo T1X (Gravity Black, 128 GB)  (4 GB RAM)","₹12,999",T1X,Gravity Black,Dual Sim,Yes,16.71 cm (6.58 inch),2408 x 1080 Pixels,Android 12,Octa Core,2.4 GHz,128 GB,4 GB,Yes,50MP + 2MP,Yes,8MP Front Camera,Yes,"4G, 3G, 2G",Yes,Yes,Yes,Yes,5000 mAh,182 g,1 Year,4.5,4.0,4.3,4.2,4.3
208,"REDMI Note 12 (Sunrise Gold, 128 GB)  (6 GB RAM)","₹16,999",Note 12,Sunrise Gold,Dual Sim,Yes,16.94 cm (6.67 inch),2400 x 1080 Pixels,Android 13,Octa Core,2.8 GHz,128 GB,6 GB,Yes,50MP + 8MP + 2MP,Yes,13MP Front Camera,Yes,"2G, 3G, 4G, 4G VOLTE",Yes,Yes,3.5mm,Yes,5000 mAh,186 g,1 Year,4.2,3.3,4.1,4.2,4.5
209,Nokia 125 TA-1253 DS  (White),"₹2,099",125 TA-1253 DS,White,Dual Sim,No,6.1 cm (2.4 inch),320 x 240 Pixels,Series 30+,Octa Core,2.8 GHz,4 MB,4 MB,No,50MP + 8MP + 2MP,No,13MP Front Camera,No,2G,No,No,3.5mm,No,1020 mAh,91.3 g,1 Year,4,2.7,3.6,3.6,3.6
210,Nokia 105 PLUS  (Red),"₹1,549",105 PLUS,Red,Dual Sim,No,4.5 cm (1.77 inch),160 x 128 Pixels,Android 12,Octa Core,0.208 GHz,4 MB,4 MB,No,50MP (OIS) + 8MP + 2MP,No,0MP Front Camera,Yes,2G,No,Yes,3.5mm,No,1000 mAh,72 g,1 Year,4.1,2.9,3.8,3.8,3.9
211,"Infinix Note 12 Pro 5G (Snowfall, 128 GB)  (8 GB RAM)","₹16,999",Note 12 Pro 5G,Snowfall,Dual Sim,Yes,17.02 cm (6.7 inch),2400 x 1080 Pixels,Android 12,Octa Core,2.4 GHz,128 GB,8 GB,Yes,108MP + 2MP (Depth) + 2MP (Macro),Yes,16MP Front Camera,Yes,"5G, 4G, 3G, 2G",Yes,Yes,3.5mm,Yes,5000 mAh,188 g,1 Year,4.1,3.9,3.9,4.1,4.1
212,"Infinix Note 12 Pro 5G (Force Black, 128 GB)  (8 GB RAM)","₹16,999",Note 12 Pro 5G,Force Black,Dual Sim,Yes,17.02 cm (6.7 inch),2400 x 1080 Pixels,Android 12,Octa Core,2.4 GHz,128 GB,8 GB,Yes,108MP + 2MP (Depth) + 2MP (Macro),Yes,16MP Front Camera,Yes,"5G, 4G, 3G, 2G",Yes,Yes,3.5mm,Yes,5000 mAh,188 g,1 Year,4.1,3.9,3.9,4.1,4.1
213,"APPLE iPhone 13 ((PRODUCT)RED, 128 GB)","₹58,999",iPhone 13,(PRODUCT)RED,Dual Sim,Yes,15.49 cm (6.1 inch),2532 x 1170 Pixels,iOS 15,Hexa Core,2.4 GHz,128 GB,8 GB,Yes,Call Wait/Hold,Yes,16MP Front Camera,Yes,"5G, 4G, 3G, 2G",Yes,Yes,3.5mm,Yes,5000 mAh,188 g,1 Year,4.7,4.6,4.4,4.7,4.6
214,"REDMI A1+ (Black, 32 GB)  (3 GB RAM)","₹7,499",iPhone 13,(PRODUCT)RED,Dual Sim,Yes,15.49 cm (6.1 inch),2532 x 1170 Pixels,iOS 15,Hexa Core,2.4 GHz,128 GB,8 GB,Yes,Call Wait/Hold,Yes,16MP Front Camera,Yes,"5G, 4G, 3G, 2G",Yes,Yes,3.5mm,Yes,5000 mAh,188 g,1 Year,4,2.9,3.7,3.4,3.7
215,Energizer Hardcase E100  (Black),"₹1,099",iPhone 13,(PRODUCT)RED,Dual Sim,Yes,15.49 cm (6.1 inch),2532 x 1170 Pixels,iOS 15,Hexa Core,2.4 GHz,128 GB,8 GB,Yes,Call Wait/Hold,Yes,16MP Front Camera,Yes,"5G, 4G, 3G, 2G",Yes,Yes,3.5mm,Yes,5000 mAh,188 g,1 Year,3.8,2.5,3.5,3.6,3.7
216,"REDMI Note 12 Pro 5G (Glacier Blue, 128 GB)  (6 GB RAM)","₹24,999",iPhone 13,(PRODUCT)RED,Dual Sim,Yes,15.49 cm (6.1 inch),2532 x 1170 Pixels,iOS 15,Hexa Core,2.4 GHz,128 GB,8 GB,Yes,Call Wait/Hold,Yes,16MP Front Camera,Yes,"5G, 4G, 3G, 2G",Yes,Yes,3.5mm,Yes,5000 mAh,188 g,1 Year,4.3,4.0,4.1,4.4,4.3
217,"realme 10 (Rush Black, 64 GB)  (4 GB RAM)","₹13,999",iPhone 13,(PRODUCT)RED,Dual Sim,Yes,15.49 cm (6.1 inch),2532 x 1170 Pixels,iOS 15,Hexa Core,2.4 GHz,128 GB,8 GB,Yes,Speaker Phone,Yes,16MP Front Camera,Yes,"5G, 4G, 3G, 2G",Yes,Yes,3.5mm,Yes,5000 mAh,188 g,1 Year,4.3,3.7,4.1,4.2,4.3
218,LAVA A3  (DARK BLUE GREY DS PA),"₹1,289",iPhone 13,(PRODUCT)RED,Dual Sim,Yes,15.49 cm (6.1 inch),2532 x 1170 Pixels,iOS 15,Hexa Core,2.4 GHz,128 GB,8 GB,Yes,Speaker Phone,Yes,16MP Front Camera,Yes,"5G, 4G, 3G, 2G",Yes,Yes,3.5mm,Yes,5000 mAh,188 g,1 Year,4.2,3.0,4.2,3.8,4.0
219,"OnePlus Nord CE 2 Lite 5G (Black Dusk, 128 GB)  (8 GB RAM)","₹21,962",iPhone 13,(PRODUCT)RED,Dual Sim,Yes,15.49 cm (6.1 inch),2532 x 1170 Pixels,iOS 15,Hexa Core,2.4 GHz,128 GB,8 GB,Yes,Speaker Phone,Yes,16MP Front Camera,Yes,"5G, 4G, 3G, 2G",Yes,Yes,3.5mm,Yes,5000 mAh,188 g,1 Year,4.3,4.1,4.1,4.2,4.1
220,"SAMSUNG Galaxy F14 5G (B.A.E. Purple, 128 GB)  (4 GB RAM)","₹14,490",iPhone 13,(PRODUCT)RED,Dual Sim,Yes,15.49 cm (6.1 inch),2532 x 1170 Pixels,iOS 15,Hexa Core,2.4 GHz,128 GB,8 GB,Yes,Call Wait/Hold,Yes,16MP Front Camera,Yes,"5G, 4G, 3G, 2G",Yes,Yes,3.5mm,Yes,5000 mAh,188 g,1 Year,4.2,3.7,4.4,3.9,3.7
221,"vivo T1X (Gravity Black, 128 GB)  (6 GB RAM)","₹14,999",iPhone 13,(PRODUCT)RED,Dual Sim,Yes,15.49 cm (6.1 inch),2532 x 1170 Pixels,iOS 15,Hexa Core,2.4 GHz,128 GB,8 GB,Yes,Network Type,Yes,16MP Front Camera,Yes,"5G, 4G, 3G, 2G",Yes,Yes,3.5mm,Yes,5000 mAh,188 g,1 Year,4.4,4.0,4.2,4.2,4.2
222,"vivo T1X (Space Blue, 128 GB)  (4 GB RAM)","₹12,999",iPhone 13,(PRODUCT)RED,Dual Sim,Yes,15.49 cm (6.1 inch),2532 x 1170 Pixels,iOS 15,Hexa Core,2.4 GHz,128 GB,8 GB,Yes,Network Type,Yes,16MP Front Camera,Yes,"5G, 4G, 3G, 2G",Yes,Yes,3.5mm,Yes,5000 mAh,188 g,1 Year,4.5,4.0,4.3,4.2,4.3
223,"vivo T1X (Space Blue, 128 GB)  (6 GB RAM)","₹14,999",iPhone 13,(PRODUCT)RED,Dual Sim,Yes,15.49 cm (6.1 inch),2532 x 1170 Pixels,iOS 15,Hexa Core,2.4 GHz,128 GB,8 GB,Yes,Network Type,Yes,16MP Front Camera,Yes,"5G, 4G, 3G, 2G",Yes,Yes,3.5mm,Yes,5000 mAh,188 g,1 Year,4.4,4.0,4.2,4.2,4.2
